"","GSM616583","GSM616584","GSM616585","GSM616586","GSM616587","GSM616588","GSM616589","GSM616590","GSM616591","GSM616592","GSM616593","GSM616594","GSM616595","GSM616596","GSM616597","GSM616598","GSM616599","GSM616600","GSM616601","GSM616602","GSM616603","GSM616604","GSM616605","GSM616606","GSM616607","GSM616608","GSM616609","GSM616610","GSM616611","GSM616612","GSM616613","GSM616614","GSM616615","GSM616616","GSM616617","GSM616618","GSM616619","GSM616620","GSM616621","GSM616622","GSM616623","GSM616624","GSM616625","GSM616626","GSM616627","GSM616628","GSM616629","GSM616630","GSM616631","GSM616632","GSM616633","GSM616634","GSM616635","GSM616636","GSM616637","GSM616638","GSM616639","GSM616640","GSM616641","GSM616642","GSM616643","GSM616644","GSM616645","GSM616646","GSM616647","GSM616648","GSM616649","GSM616650","GSM616651","GSM616652","GSM616653","GSM616654","GSM616655","GSM616656","GSM616657","GSM616658","GSM616659","GSM616660","GSM616661"
"GSM616583",1,0.947206232541823,0.919498394864407,0.911782529665045,0.953928705447906,0.897613556008817,0.913897319440281,0.932674636301392,0.960141434004971,0.954280149557142,0.936631072257274,0.945603504374871,0.929846728328104,0.953934403624766,0.955488845921093,0.960015727524135,0.952826827490335,0.912705720446863,0.930399259913716,0.926670862860649,0.898283607905769,0.95308128400301,0.927580296391804,0.918561875286497,0.9530573595596,0.936046981000516,0.91101462453057,0.942870625850359,0.884534086971119,0.908193088193015,0.877945161389548,0.897306081072603,0.937817263085351,0.900308570117274,0.939241690102053,0.916128125582738,0.932882365095757,0.911873400549991,0.910326468048741,0.891234649165225,0.915353412419933,0.893603550585003,0.92504339651038,0.893895610986471,0.936871418317349,0.894786939400023,0.890676966150761,0.918547891477178,0.937293585222799,0.895373578551098,0.916492612252659,0.882169634089636,0.904772408144458,0.888745007352789,0.924115023111511,0.906866777155063,0.904480922088333,0.879738719179342,0.911984214956168,0.895066760866695,0.906979478541121,0.904827850942144,0.907090543426455,0.897849918280056,0.885920011149492,0.908807808442913,0.907925928944474,0.908480600521555,0.879505163289876,0.875670727752383,0.899099497965175,0.887313323883468,0.889242414308125,0.900318955262594,0.924230216414309,0.894170860609012,0.898983923575936,0.957526485873625,0.933644851070598
"GSM616584",0.947206232541823,1,0.954958483457864,0.958175064141951,0.954439316880556,0.94950780525415,0.956668763713407,0.969889343293864,0.946550718968967,0.938423714590621,0.961504281244607,0.970052391829981,0.965412154940349,0.95804331135361,0.95754676134658,0.965369803587728,0.948230864321726,0.954952302582784,0.964147047703772,0.97267632111612,0.955780420024909,0.970693879863244,0.900532179422502,0.891312398181047,0.928602548345332,0.933461172030402,0.906544132536845,0.916288169857561,0.892207327814159,0.91765090384201,0.873108129642788,0.907990454522694,0.928928900811281,0.919615825689091,0.94116792500346,0.898046135475245,0.906114268532731,0.913563766867496,0.909961600116566,0.881453917721705,0.916733316176136,0.903412943733057,0.915731433570742,0.895739788403526,0.928992978285494,0.900980904508387,0.898922376534753,0.911752477244049,0.920474239435319,0.899776434325805,0.910744459009583,0.890518744438483,0.912404717793635,0.911091575615018,0.922100931258433,0.931289693669124,0.908802964989219,0.914373083292641,0.917621528311991,0.903365886257832,0.89584007178722,0.87663192971343,0.915825358386753,0.872577647801159,0.868996347523652,0.89754552614759,0.898187641512725,0.897006595033142,0.881529358158617,0.883696585041278,0.880862205595174,0.876526190020022,0.88983782061644,0.905150839568452,0.90844525923301,0.872771187901868,0.859700446663001,0.94756930774811,0.913405501262561
"GSM616585",0.919498394864407,0.954958483457864,1,0.96777608275412,0.912738005710461,0.971724900586054,0.95384286443561,0.957825647009061,0.902416621441798,0.885576389857369,0.95586836562345,0.960757904176947,0.96104089561609,0.918400919739824,0.926405749732189,0.927353986528061,0.908016407872666,0.949634526209031,0.958315434615187,0.963112097876543,0.961366283592936,0.939615028343136,0.866771488687669,0.852130715224185,0.901717885281405,0.908832713901484,0.890488054850377,0.875048577281172,0.871577916755689,0.893737505290838,0.842479821871451,0.878109175290922,0.891925019270781,0.940872347749352,0.901074132588412,0.861586329083288,0.861541391574347,0.908185142711466,0.884986000280318,0.856616775564859,0.909336420367171,0.887782206128361,0.888778956295487,0.889567760123429,0.913987089778762,0.873738960856927,0.879319551911968,0.884013782288191,0.894125743507267,0.88573495897782,0.889620382156871,0.881749132291042,0.908214467528108,0.894528714849096,0.904812760446337,0.905195682969473,0.890033949839355,0.924450159767472,0.907360180218626,0.855976731224503,0.873533701009756,0.827002293626751,0.903864140062199,0.808757459722224,0.811358364160088,0.872102365733112,0.8598452623797,0.848789927496667,0.8555025133402,0.842066038451809,0.827274380623505,0.81363005292664,0.831189595049608,0.892824742629043,0.873192172490526,0.828527591658681,0.788049711367487,0.910950314347088,0.878924796372222
"GSM616586",0.911782529665045,0.958175064141951,0.96777608275412,1,0.912055794980854,0.970113131266956,0.958754226008899,0.95829287529655,0.900875001624566,0.888152770918087,0.956558067245613,0.957297368212481,0.960857003727388,0.920399032885596,0.928676349273996,0.923760827297903,0.90699048632071,0.956384175749383,0.961277901779485,0.962144525714384,0.966376652150137,0.942749411532617,0.877383535792725,0.862865338498986,0.901906022791374,0.912346629735068,0.897316592833535,0.883126124020939,0.886250851574934,0.90164611475986,0.860886278085936,0.886624279086037,0.889759147692677,0.945044186830447,0.903034204188761,0.867102020255495,0.873238439939727,0.918917321032316,0.894951386090572,0.869495762813596,0.911783263989789,0.90334682109056,0.891151086027665,0.898004994462397,0.917227128869303,0.890919551630803,0.893042361409071,0.877133592444219,0.898860128074868,0.902743979996505,0.894548495732395,0.894507179383466,0.911778417352764,0.905899448778304,0.914710647687267,0.918747569054117,0.900350355105764,0.930758457012536,0.910436862233626,0.860866500697749,0.889512968583515,0.842546765423906,0.913221708900707,0.828901170024642,0.825622713078914,0.883452410745693,0.876669220075483,0.860755892790236,0.860873432154271,0.853455249986769,0.838181369269472,0.81910955484381,0.839932362999338,0.898059260545318,0.877649416897032,0.841564803331363,0.810833425211355,0.919913693398981,0.882679086435837
"GSM616587",0.953928705447906,0.954439316880556,0.912738005710461,0.912055794980854,1,0.898182097657707,0.937019361519205,0.939360150815845,0.968922621698014,0.970691558461003,0.926528668779705,0.944588295341585,0.943044396058023,0.98217778704326,0.968934846402415,0.977802179646227,0.973048613510789,0.924172866935729,0.94085339403567,0.949933730895599,0.905812151308616,0.959116187712252,0.926806322254287,0.919483673054238,0.950818396564354,0.945070065686465,0.909887299281844,0.948789152903598,0.901642128026701,0.925238026655516,0.893282989107565,0.926423117119285,0.965109901706478,0.896546158245269,0.962692989763551,0.931917480438451,0.9420199959762,0.914381149676328,0.924107731021513,0.902833729952066,0.921556953762441,0.907016051069687,0.937596478651332,0.896652342112364,0.943684907378418,0.908488577942367,0.913491036742887,0.919844316296853,0.939683585370535,0.894916558891916,0.933654670597003,0.892574933485896,0.918909063072271,0.912368527909866,0.927990417231258,0.924286988299481,0.918192759279525,0.9052291199303,0.92647624472502,0.925457627121777,0.906697751361521,0.918395180541532,0.916738349752492,0.913055257160923,0.897112176855624,0.919007015709963,0.915453492845086,0.935301025311843,0.91183189885685,0.911089502476377,0.924527966077365,0.915478148470657,0.916168412007772,0.921058500847424,0.949050412090857,0.912589589282184,0.915773751119542,0.949976298743377,0.941017719108971
"GSM616588",0.897613556008817,0.94950780525415,0.971724900586054,0.970113131266956,0.898182097657707,1,0.948817774349013,0.959856949757202,0.888757840174527,0.867930886347372,0.962032272277548,0.957781128383949,0.956941423427017,0.902236879452328,0.916193265705268,0.912860749927058,0.89250969165576,0.947631381757596,0.959526583442424,0.958839461750959,0.964693519071675,0.938307406730295,0.855108705607358,0.840605638905551,0.89182215047463,0.897760690615549,0.886686010519215,0.861738235007511,0.864244033798419,0.882388096341691,0.834656241430385,0.864409735545253,0.877408399279901,0.941715424468783,0.886622468575899,0.851633511212828,0.847638508659258,0.904576587329359,0.875658096057991,0.845125770027326,0.904372699707818,0.885331426862551,0.878193101673753,0.886242802500593,0.898382123257561,0.860711685852502,0.869211901693599,0.855455703236051,0.885672505710354,0.878126661406942,0.870322993624979,0.878451434454495,0.896738955090655,0.886470311146418,0.898687512016719,0.896228601089977,0.882576056736179,0.920253656958113,0.899711611605171,0.837416737030925,0.868513718962792,0.808894781801951,0.898743823188095,0.790089173099519,0.786358323826249,0.861378226740356,0.846822889890991,0.830344356437457,0.840880695216468,0.820465800271616,0.807672547168013,0.787225431686893,0.805657858054693,0.882849538386639,0.857133921014955,0.812436331388927,0.769384744896164,0.898364625419451,0.866175736107913
"GSM616589",0.913897319440281,0.956668763713407,0.95384286443561,0.958754226008899,0.937019361519205,0.948817774349013,1,0.959272619804775,0.900811116765051,0.891980978624841,0.941790927490458,0.939988817936158,0.945862910908575,0.933051865584085,0.925375145931395,0.937977215885647,0.916519900411334,0.958418356166288,0.961187060207766,0.974219464288327,0.960050643096472,0.94419567726442,0.881847756703544,0.868689903724939,0.909528421853489,0.91601491057171,0.898946853295313,0.898682524644552,0.892760255356189,0.90879958068371,0.867472113338199,0.910689312296836,0.909307740745274,0.939586829071496,0.924973610088489,0.87596695008139,0.881127628194945,0.915836339388847,0.897219976698859,0.872563121330391,0.916395648013947,0.902588351398933,0.898349208035086,0.90297325131823,0.930311884351701,0.893040523432192,0.909195542640299,0.895460102729902,0.902783860504171,0.901155968840625,0.911612312393645,0.902011117402396,0.926118889411959,0.926227460025406,0.916391218814642,0.93252481088119,0.902314710314554,0.936939491722577,0.916784966531806,0.882009453462734,0.889110214425227,0.859528274181708,0.915479687368403,0.841753929700185,0.854586850424503,0.89265902270293,0.88403164778786,0.871255857128125,0.886290344296531,0.870826417879094,0.859834668889234,0.848639161428673,0.860341840531889,0.905965563402405,0.895060137177986,0.852251539036186,0.831651859546787,0.91446741977308,0.891764788440805
"GSM616590",0.932674636301392,0.969889343293864,0.957825647009061,0.95829287529655,0.939360150815845,0.959856949757202,0.959272619804775,1,0.924843358899745,0.914034296572358,0.972537846098879,0.961753815318538,0.956991538627101,0.939654847068314,0.947057801885763,0.952013301738809,0.928175727888001,0.964856165228201,0.972642528405354,0.972086321119612,0.968301957759893,0.968754337330537,0.897254714904283,0.885416648636801,0.928873122004012,0.927038778042933,0.912752019083214,0.908639169715983,0.882936112020649,0.90322062894078,0.862888246126071,0.89014326891772,0.91433651514762,0.940555208693046,0.924484835722229,0.890399748247188,0.894993478144686,0.921968611424623,0.904145145648998,0.873231441939546,0.923983025638628,0.902318005317482,0.907816290832548,0.904809675479779,0.9278590611357,0.880055144449626,0.888696502888483,0.882024657581202,0.921048530602967,0.892073657810033,0.895953616151916,0.895751109535863,0.913313372321642,0.902685716036424,0.928796237024487,0.908341674169115,0.901376279451419,0.916759019393699,0.920697504396371,0.86503001811996,0.898572522402246,0.860143774001373,0.917961157795649,0.838623193600865,0.833988250224038,0.891921110909859,0.880883386894815,0.862064602245932,0.863543877422688,0.842125029099913,0.850916035194225,0.83046392837884,0.840940418306194,0.897142987625414,0.894832966254937,0.85484474591369,0.827337008512924,0.926719946007254,0.905358383139459
"GSM616591",0.960141434004971,0.946550718968967,0.902416621441798,0.900875001624566,0.968922621698014,0.888757840174527,0.900811116765051,0.924843358899745,1,0.979120234927365,0.933957185693538,0.953092002908528,0.937249863506848,0.970523509033282,0.971057495628429,0.967919588743852,0.969934146262854,0.899390580891417,0.924061949381981,0.926310781041827,0.884303353820481,0.958581810376938,0.924453842879156,0.921915226667029,0.952759566228325,0.93601445010624,0.902399366615393,0.939818362415757,0.886095761759168,0.908838321714567,0.886214085512315,0.89535644377456,0.954501457430964,0.877041145354424,0.943804482705956,0.928291762558819,0.942666932970663,0.902913107676891,0.914176760748032,0.898714609467799,0.911709711815752,0.891990420752143,0.933855316375099,0.880397907943789,0.921709094421039,0.887886774226767,0.886459140723995,0.898179329667992,0.938091788698974,0.883018591169309,0.910416790029969,0.873471902586616,0.893236418491079,0.880947458303928,0.913981235082961,0.893541464351499,0.907025044632871,0.873190191649648,0.91323402461162,0.902287180683122,0.899168880911905,0.904737510066833,0.901173910246308,0.904300439255649,0.86887984763804,0.910023229804816,0.899759840358014,0.919113878088516,0.890553513109411,0.881925415897536,0.911707548582268,0.89185236158216,0.890652296400227,0.910447182551989,0.936998112980413,0.907766859404507,0.907807158805716,0.952412664360421,0.937877683554775
"GSM616592",0.954280149557142,0.938423714590621,0.885576389857369,0.888152770918087,0.970691558461003,0.867930886347372,0.891980978624841,0.914034296572358,0.979120234927365,1,0.913708621202878,0.935849010676609,0.927310766891835,0.978498427686736,0.973482661079601,0.973937496400282,0.979775047851583,0.89649291021345,0.915716840830469,0.920114267854356,0.874154285098494,0.953140039372741,0.92036661403103,0.917451522898311,0.940885258509778,0.930849515970611,0.888611625670908,0.931492676972699,0.873866107335259,0.902189050894953,0.877765195036635,0.893363762927176,0.945282928195062,0.858845705957079,0.940438323977369,0.917353129129626,0.941388012331378,0.889032647451277,0.910004777208875,0.887142587828404,0.895552772594639,0.882639837795978,0.921823693867933,0.867923447635365,0.917228781900588,0.883441327455104,0.881946032748588,0.895458665098851,0.931476891166069,0.873922930522017,0.905516957933646,0.861439730847613,0.882706873899223,0.87956156164756,0.909893687223477,0.889659767446472,0.895806782577367,0.858402780713659,0.902465578007894,0.902381123102687,0.884404477771737,0.909733868474362,0.897325956728873,0.905346515362742,0.8817397638908,0.901783020833799,0.89498097640086,0.918293970133503,0.880149765178947,0.881338234267532,0.911303710916805,0.897659867185712,0.900194118058886,0.894459344534342,0.931663328957878,0.903372346513805,0.908955734549752,0.948113077808481,0.930875767480568
"GSM616593",0.936631072257274,0.961504281244607,0.95586836562345,0.956558067245613,0.926528668779705,0.962032272277548,0.941790927490458,0.972537846098879,0.933957185693538,0.913708621202878,1,0.971691242524428,0.953990902080745,0.929656040876797,0.944900187945079,0.940549399539037,0.92214918359581,0.946564522770325,0.966557289425382,0.956675037999015,0.952808097916996,0.965743528803466,0.894680411700149,0.88534237429434,0.932005170274788,0.919575465986057,0.903700581738858,0.902227078855536,0.876671158685788,0.894340162232671,0.857680137731099,0.873298135230695,0.906777375746914,0.939174029920481,0.910365534921873,0.888145003025365,0.890866608702154,0.920988374089242,0.897374759551515,0.869588518500336,0.917552593752707,0.895736751907408,0.903572802148745,0.900871018053144,0.916508833825375,0.871360925723932,0.873452063632924,0.867178026228293,0.917461965384015,0.886806527629919,0.883494652022231,0.882693814039074,0.900737742469678,0.885521223218351,0.9209446422892,0.89267872645235,0.895767969642244,0.905793405397977,0.912471800144341,0.851190492496026,0.893812203354353,0.84962374828651,0.908592573970638,0.831908105043371,0.814635373789539,0.889477269704558,0.871307646326201,0.855708793472864,0.851051999869306,0.828405414420321,0.839068720949047,0.814570832937286,0.821726405118115,0.889991418634561,0.889369827113652,0.845950634845744,0.822171609432167,0.924666392093451,0.900984605103957
"GSM616594",0.945603504374871,0.970052391829981,0.960757904176947,0.957297368212481,0.944588295341585,0.957781128383949,0.939988817936158,0.961753815318538,0.953092002908528,0.935849010676609,0.971691242524428,1,0.964532897427801,0.94894938577461,0.958788537202952,0.954426521808629,0.938577463178262,0.939332441612606,0.957541250307141,0.955882433213006,0.943968269837326,0.963838652269914,0.90469201644696,0.894805397147912,0.936410621925143,0.931683593466119,0.9056752731294,0.912547006518133,0.882943536480496,0.907206975542512,0.865793077990112,0.888759156066958,0.924471592878024,0.925098046927851,0.919888632482381,0.898331879845536,0.901767883856462,0.914042276466386,0.907562444388443,0.882920118871366,0.920139053485202,0.897493395483426,0.916010524349287,0.89056091690521,0.921634898202054,0.882987645712477,0.884524707758065,0.888043636223714,0.921578620969416,0.894529678951786,0.898169473199201,0.885484792357892,0.907462762177937,0.891021904450513,0.921927275080632,0.907844238220313,0.906753865074273,0.907014581021037,0.918067118055015,0.880582313291571,0.895004432219758,0.866750193135447,0.911155155032289,0.858067479312282,0.834699879485171,0.899382686586043,0.88512017501345,0.878680799157719,0.866488802498622,0.858126346314769,0.862879542755662,0.846056872295971,0.859657758566072,0.903499317906886,0.902573701898265,0.864981046438981,0.839303057235718,0.942441332208582,0.912507495187901
"GSM616595",0.929846728328104,0.965412154940349,0.96104089561609,0.960857003727388,0.943044396058023,0.956941423427017,0.945862910908575,0.956991538627101,0.937249863506848,0.927310766891835,0.953990902080745,0.964532897427801,1,0.952482568078069,0.959278913565737,0.951745345114491,0.948688533610087,0.950488368525202,0.960726331455069,0.965677761984403,0.95089079947121,0.955243662798026,0.889091617413488,0.880065560977436,0.920967082201431,0.930197850325998,0.903569192782989,0.897009014654173,0.887557503109913,0.913191852615341,0.868520056513586,0.894796078589586,0.921296912931902,0.931971029965255,0.920317830739424,0.8885142938851,0.894123864852029,0.916937276506996,0.90862365763248,0.877172785723604,0.916784729564006,0.902691166404936,0.91287299326534,0.894666601764775,0.92241329565237,0.890301884217583,0.888540874865403,0.901638220904773,0.916194002904896,0.895812865611598,0.902415471708985,0.887448798464115,0.910395941422295,0.903090245995491,0.920651861282961,0.91973491489925,0.90357258678821,0.923211380914182,0.916633091951832,0.884966407764118,0.887623228212975,0.856885884705664,0.915316036484232,0.844209550798337,0.839829433348539,0.88696294370324,0.883647996499086,0.887326518542899,0.878667837470816,0.873960868198772,0.865820680251086,0.847413598053859,0.866097626364672,0.90800702590086,0.897339735308394,0.860937531766575,0.831615549298916,0.934823783138795,0.906465330297184
"GSM616596",0.953934403624766,0.95804331135361,0.918400919739824,0.920399032885596,0.98217778704326,0.902236879452328,0.933051865584085,0.939654847068314,0.970523509033282,0.978498427686736,0.929656040876797,0.94894938577461,0.952482568078069,1,0.979227260609336,0.980964926532239,0.982821468108731,0.9314311141278,0.945311747535051,0.953191737076098,0.910460428424124,0.963535536450026,0.917857768440153,0.911605561200945,0.94084896585661,0.937438330504185,0.902156987763807,0.930648224812859,0.889872791628514,0.917316704008817,0.884621424374315,0.910230587516432,0.952161438884301,0.893232496633876,0.951681939477468,0.915978129667033,0.934383328903962,0.906911688618375,0.916234617305071,0.891101989441523,0.910849555718566,0.897946284414373,0.926577621210096,0.889991580723703,0.934181168087703,0.897127028781622,0.901007823372755,0.912959373927793,0.934960097433677,0.889746993848415,0.920626004396348,0.881173616110099,0.906656479060476,0.905953607605761,0.927262192580974,0.917342003651033,0.906809483428993,0.894746816623474,0.918108694669902,0.910346274019469,0.895486262028297,0.905729642774315,0.912943967230402,0.898167381262419,0.889429123255232,0.907238789898989,0.905108102975348,0.922486423905087,0.896260778091586,0.895243214625732,0.910337467120041,0.898599678927155,0.904482271269753,0.910643096268348,0.934308002494466,0.899506579588112,0.900238913652605,0.948950807469955,0.931706422986207
"GSM616597",0.955488845921093,0.95754676134658,0.926405749732189,0.928676349273996,0.968934846402415,0.916193265705268,0.925375145931395,0.947057801885763,0.971057495628429,0.973482661079601,0.944900187945079,0.958788537202952,0.959278913565737,0.979227260609336,1,0.978640785023731,0.975209295337151,0.939599541042148,0.953005950879452,0.949513134633541,0.924493478992974,0.968532306319007,0.922724211669567,0.916628987972864,0.94724493882848,0.944267449651055,0.916546210315449,0.929364687533433,0.8919324359405,0.917318441154835,0.887288937595131,0.899396328873644,0.945278986413758,0.905658463253869,0.938462600645633,0.918010066588259,0.935332737427819,0.916581973774012,0.92458689874091,0.899276909894608,0.921199873368084,0.904492016782088,0.932391595454475,0.889414821062896,0.930861013161459,0.892015510026562,0.891714169219716,0.89854652993343,0.942253476745446,0.898709913053133,0.912815256602188,0.888644609433051,0.90656232789757,0.897661082801254,0.934081054544423,0.903844248826755,0.913357575544908,0.892025016814459,0.923705949048569,0.896116184096458,0.902797856491389,0.898366959970433,0.921703653762806,0.885782766029247,0.862535820352854,0.91254761748186,0.9036510705329,0.904440090425438,0.884536174634491,0.871521457607284,0.894963502012746,0.874151682510918,0.881380442531049,0.910180833492031,0.927029331028051,0.896658454765093,0.877592262049101,0.951603903544806,0.935536522749833
"GSM616598",0.960015727524135,0.965369803587728,0.927353986528061,0.923760827297903,0.977802179646227,0.912860749927058,0.937977215885647,0.952013301738809,0.967919588743852,0.973937496400282,0.940549399539037,0.954426521808629,0.951745345114491,0.980964926532239,0.978640785023731,1,0.976855649016798,0.939793274287813,0.948506357525599,0.957572546886953,0.924367728245378,0.969587822140131,0.923730316538332,0.916573951581205,0.948299497804368,0.945183398366884,0.915905571857281,0.93741782920691,0.893895152656125,0.919387369292675,0.886673488770583,0.914921184443183,0.949888452340573,0.902157406692738,0.956857398577684,0.920939057365366,0.935551087637917,0.912811824296522,0.922160022618852,0.897062656317019,0.923931654541441,0.90401657935538,0.931006029023323,0.892026376060447,0.9378258793276,0.89395328953823,0.906620298561424,0.911887829350718,0.94082067031859,0.89709984058895,0.920347637807263,0.894171567287472,0.91149201184209,0.910352319413273,0.930797889443107,0.91690679733356,0.913733895065464,0.898382604128868,0.925871381093932,0.9103905982843,0.902315820822838,0.907724903265804,0.920774135662837,0.894960056531707,0.884387739799658,0.912666691664564,0.907221796397465,0.912215678734356,0.895632955659553,0.886745500111871,0.907341611078568,0.893912745933658,0.900782086647781,0.914514786507095,0.93269912691615,0.901062815124182,0.88999829274085,0.954460319593122,0.936105428982883
"GSM616599",0.952826827490335,0.948230864321726,0.908016407872666,0.90699048632071,0.973048613510789,0.89250969165576,0.916519900411334,0.928175727888001,0.969934146262854,0.979775047851583,0.92214918359581,0.938577463178262,0.948688533610087,0.982821468108731,0.975209295337151,0.976855649016798,1,0.921976803357845,0.936543577764378,0.943644961178467,0.896876176229511,0.957772711995757,0.914195771843887,0.908134115296275,0.938660952861548,0.934569051497869,0.899507273230886,0.925840448356877,0.881692181860329,0.910569177277238,0.880878906760222,0.90110653760868,0.949273241425987,0.883332757079784,0.944845578578858,0.914301671627535,0.934417918067829,0.900958465624,0.913853690100557,0.88498281330282,0.905689995939034,0.891433366077107,0.923913901764178,0.881603942803894,0.926527176285647,0.886519759544815,0.891554158906065,0.908959798767928,0.935857883949989,0.882174218484456,0.912815487970152,0.873401744763709,0.895062567887299,0.896732512765209,0.919051962056948,0.905086115294566,0.900104459487767,0.883034295673541,0.913335822000407,0.906213111316743,0.886322555320706,0.897875854097352,0.908276208829376,0.887803796307891,0.88179239517035,0.897787287370863,0.893590114358919,0.920232764039542,0.8940211965107,0.888037935988307,0.908571786984224,0.893470394422275,0.89895674690287,0.905686309741937,0.929852446327633,0.895838422364286,0.893431577035379,0.947260790099117,0.931485549385997
"GSM616600",0.912705720446863,0.954952302582784,0.949634526209031,0.956384175749383,0.924172866935729,0.947631381757596,0.958418356166288,0.964856165228201,0.899390580891417,0.89649291021345,0.946564522770325,0.939332441612606,0.950488368525202,0.9314311141278,0.939599541042148,0.939793274287813,0.921976803357845,1,0.968593131424119,0.969640381868158,0.969392459936537,0.947362415060284,0.886663631732801,0.871503388242549,0.908226340527153,0.916069881364394,0.913288828090765,0.89290990051759,0.886779062602454,0.901727366681404,0.863217176490126,0.886066637574193,0.901120934720161,0.940405984989152,0.911324324361304,0.878063188774952,0.886806394896896,0.920290477033619,0.900177247635071,0.874192304470901,0.917251530635007,0.899132426708674,0.89527115812469,0.894832247653684,0.925142130461405,0.880065430644968,0.886828308758525,0.879944478247733,0.912499834866528,0.896653208977586,0.896864948735543,0.895121222821683,0.912784268518624,0.906564952799177,0.930513736131054,0.905392594605816,0.899637135155585,0.91901121607342,0.919749734494211,0.858254788033282,0.895517845709901,0.852548067458488,0.918305872417243,0.827020108028839,0.830669140902627,0.886265904334815,0.876347616063476,0.855049425942342,0.862826454503534,0.84186071617441,0.84273485215124,0.821630909683294,0.834503540250839,0.894076672149764,0.886195139793727,0.848955275789038,0.812665636769604,0.915509538842325,0.8948451156825
"GSM616601",0.930399259913716,0.964147047703772,0.958315434615187,0.961277901779485,0.94085339403567,0.959526583442424,0.961187060207766,0.972642528405354,0.924061949381981,0.915716840830469,0.966557289425382,0.957541250307141,0.960726331455069,0.945311747535051,0.953005950879452,0.948506357525599,0.936543577764378,0.968593131424119,1,0.973968984685515,0.966901910001939,0.966624752042915,0.897575283290016,0.882288681653074,0.927436942511601,0.925425276241679,0.909896471509436,0.904432166024573,0.884768060779126,0.905378307303789,0.864563794766899,0.888418506992191,0.917271668980758,0.945589492016986,0.922281688179634,0.890503694645928,0.898775192168172,0.925312736063515,0.905435780414149,0.873041340520408,0.922055766188916,0.90546021268785,0.908457257325634,0.91058468989123,0.9287042423164,0.888072311489122,0.890719474817579,0.880377061888329,0.925736433976405,0.893440608118342,0.899253161436524,0.891317163778194,0.913303589990359,0.904576831863484,0.93181274294598,0.905421129938144,0.902950027033217,0.923670496336057,0.923160639649259,0.864361372503335,0.894432790370907,0.855935734076767,0.921643781607435,0.832874298713218,0.827694444287054,0.892516273445379,0.876942764282444,0.866512050590768,0.86770736615999,0.841809850391385,0.848785445087671,0.829107485561648,0.836341853262448,0.900837681843697,0.90079122866623,0.852294124174302,0.823336632661357,0.922771592888911,0.908355756978149
"GSM616602",0.926670862860649,0.97267632111612,0.963112097876543,0.962144525714384,0.949933730895599,0.958839461750959,0.974219464288327,0.972086321119612,0.926310781041827,0.920114267854356,0.956675037999015,0.955882433213006,0.965677761984403,0.953191737076098,0.949513134633541,0.957572546886953,0.943644961178467,0.969640381868158,0.973968984685515,1,0.967418220152132,0.963640233423708,0.887181247039891,0.874787812987803,0.917354204463218,0.923364671550589,0.9060901437675,0.901074801013174,0.889795117623796,0.910151422833628,0.868971962433795,0.904411994325264,0.923344832512645,0.933493011012201,0.935303403229821,0.887396593776071,0.893544658279605,0.915619891534665,0.90371738544148,0.87361532309067,0.919146214273914,0.902867851377077,0.907353455587509,0.897702839314194,0.930240659146584,0.886809662907356,0.903040172224611,0.897940327169897,0.914588188375461,0.895671765073572,0.909199296509963,0.896117010263726,0.919324841924384,0.918872768072647,0.922534938920895,0.922926841843208,0.903360456557376,0.929219529503242,0.923236760978839,0.884089862475657,0.889354789138441,0.860273415189386,0.91792447575698,0.843384912725916,0.849440491983446,0.889834355937379,0.880397005179177,0.878026300792773,0.886413912678699,0.868223978554225,0.864403272074611,0.851811446989496,0.863442604704859,0.909296976782358,0.902319575033371,0.859610510678375,0.833787773053025,0.926239652191136,0.901732086448852
"GSM616603",0.898283607905769,0.955780420024909,0.961366283592936,0.966376652150137,0.905812151308616,0.964693519071675,0.960050643096472,0.968301957759893,0.884303353820481,0.874154285098494,0.952808097916996,0.943968269837326,0.95089079947121,0.910460428424124,0.924493478992974,0.924367728245378,0.896876176229511,0.969392459936537,0.966901910001939,0.967418220152132,1,0.946101315571862,0.867179915901771,0.851157669125323,0.891474101906757,0.904458635445092,0.896964190836701,0.872529010830236,0.874701975083325,0.889270839901057,0.847799867954551,0.877407027916975,0.880738982590659,0.940167958688491,0.893981981019953,0.859262290699044,0.861018688372399,0.909883928132167,0.888271714482159,0.858889763312807,0.908425375321878,0.893421866604999,0.882972287022873,0.888868961187399,0.909320340187255,0.870969050342941,0.878383262040661,0.86310366311576,0.893453358270736,0.891035986129457,0.882317349973724,0.888386661530776,0.907584166449797,0.899813480271955,0.912310308689432,0.901549984872935,0.890704415975396,0.922361023660082,0.908878954092295,0.844100474415214,0.878028691532862,0.827093677032784,0.91135391283549,0.804405689693624,0.80499920411545,0.873265549421994,0.858028321719619,0.829523302993447,0.846259203822686,0.825233726895273,0.817040542151085,0.798655395464825,0.815441795681074,0.883292794859131,0.86444148139662,0.824593691712754,0.780604175584556,0.899644737040538,0.873877228625927
"GSM616604",0.95308128400301,0.970693879863244,0.939615028343136,0.942749411532617,0.959116187712252,0.938307406730295,0.94419567726442,0.968754337330537,0.958581810376938,0.953140039372741,0.965743528803466,0.963838652269914,0.955243662798026,0.963535536450026,0.968532306319007,0.969587822140131,0.957772711995757,0.947362415060284,0.966624752042915,0.963640233423708,0.946101315571862,1,0.915697422456059,0.90543454724054,0.942736965511138,0.935377922449829,0.911022947034091,0.925519366848304,0.886893320478529,0.909375811359282,0.877082811399266,0.897145278153139,0.934603959685621,0.917393314656453,0.938320036867008,0.910063730487321,0.920849771948283,0.916655188130929,0.914061440340642,0.884980850792373,0.921238772775627,0.904116555936081,0.921912065447429,0.898422695391888,0.930039900776946,0.889285671554793,0.893657792727416,0.889238605279156,0.93820585253969,0.897147270902273,0.906554938724193,0.887490736326501,0.909567859802738,0.901445232834289,0.929296587754493,0.910517648738588,0.909606161371555,0.902862342859814,0.923614933532302,0.888006187032352,0.897832887610275,0.881174970066563,0.920898014478834,0.871804850422426,0.853759636410225,0.90680344938474,0.891190960788598,0.888959313140184,0.871723171299604,0.85938550202444,0.874162887971008,0.860506133624759,0.866146589362646,0.901338691913464,0.916868998248259,0.873742889344065,0.864509847758574,0.944346506490874,0.923989450203296
"GSM616605",0.927580296391804,0.900532179422502,0.866771488687669,0.877383535792725,0.926806322254287,0.855108705607358,0.881847756703544,0.897254714904283,0.924453842879156,0.92036661403103,0.894680411700149,0.90469201644696,0.889091617413488,0.917857768440153,0.922724211669567,0.923730316538332,0.914195771843887,0.886663631732801,0.897575283290016,0.887181247039891,0.867179915901771,0.915697422456059,1,0.957183241192626,0.955936430079354,0.952533828654019,0.93190462611278,0.968059758150276,0.925233779969945,0.937564158990199,0.919577193336683,0.920310001808406,0.946320426427249,0.894269852340636,0.932744618273678,0.955588723183151,0.964403862554723,0.940126123867961,0.945463956109305,0.941856861505876,0.938027666313006,0.931428089705913,0.948981985989377,0.909231379219418,0.948054930224725,0.916676674000949,0.925824520782379,0.897563612322073,0.956026730291987,0.921614447487835,0.937987356067691,0.920670560001481,0.929539526406402,0.908617699619898,0.943721952917505,0.900437799629746,0.944217134502558,0.900226114937278,0.948075053526796,0.912085577834869,0.940982194037916,0.944014078286816,0.935020987123798,0.930626484325816,0.880003767953116,0.941587046999444,0.933662545121975,0.917233085221915,0.897567789500601,0.886882456745995,0.924955423583145,0.894704568031284,0.884599898147048,0.926939324055806,0.955285898556535,0.935393711343194,0.910844228137077,0.936874985440972,0.963155443817653
"GSM616606",0.918561875286497,0.891312398181047,0.852130715224185,0.862865338498986,0.919483673054238,0.840605638905551,0.868689903724939,0.885416648636801,0.921915226667029,0.917451522898311,0.88534237429434,0.894805397147912,0.880065560977436,0.911605561200945,0.916628987972864,0.916573951581205,0.908134115296275,0.871503388242549,0.882288681653074,0.874787812987803,0.851157669125323,0.90543454724054,0.957183241192626,1,0.952766645623334,0.951133666871243,0.9323046158787,0.955392350182455,0.92554365364782,0.944533442023599,0.929330282030482,0.921405161732016,0.938597517279306,0.876431297738807,0.927253020714086,0.944237131242214,0.957698857739941,0.934236210732476,0.948056058863695,0.944470976427471,0.932065395484864,0.930153328403314,0.949263965644838,0.911135252506419,0.936980487737717,0.907277473058681,0.920784289692959,0.896451943031847,0.947273955276066,0.922357296339729,0.931738897963249,0.917433358320785,0.920246567287947,0.903161872209449,0.931923772120117,0.894958810673972,0.934020895532536,0.886774945354382,0.936488192068875,0.910180798515192,0.939362122983269,0.940359061891007,0.929400034856704,0.928225522874324,0.881216787014386,0.947258977772567,0.935475606170148,0.912420162646899,0.901647353861646,0.881756785920196,0.92911673626638,0.894401068661248,0.882567002939168,0.924621073162041,0.94649452512396,0.938659923843126,0.911410700102786,0.934945347097456,0.954517731183931
"GSM616607",0.9530573595596,0.928602548345332,0.901717885281405,0.901906022791374,0.950818396564354,0.89182215047463,0.909528421853489,0.928873122004012,0.952759566228325,0.940885258509778,0.932005170274788,0.936410621925143,0.920967082201431,0.94084896585661,0.94724493882848,0.948299497804368,0.938660952861548,0.908226340527153,0.927436942511601,0.917354204463218,0.891474101906757,0.942736965511138,0.955936430079354,0.952766645623334,1,0.965607777556711,0.942805294607372,0.965250051976636,0.926008699460361,0.94160233368168,0.919655254376388,0.92576346400606,0.961338534785319,0.92045581003619,0.952350692081445,0.948524175833412,0.961171639933986,0.948312855193363,0.948350233519904,0.931615629348509,0.949102183322679,0.931986071753239,0.959613547187067,0.926436334362842,0.953855377223768,0.91771890933876,0.920979211899097,0.908921432243456,0.962840398042826,0.921207366069244,0.935644735297506,0.918766382618901,0.931483175855956,0.91300427554505,0.944182700664815,0.914201971649965,0.938888743762475,0.908152506190669,0.94546607068757,0.915015761847446,0.944120175684044,0.931959796021275,0.939417392732812,0.917634676806139,0.877955445173908,0.94359060024754,0.935544976755738,0.924239894356828,0.910177927686411,0.88627711356668,0.92499075318531,0.893085978408858,0.887298571983131,0.936528934291949,0.954697343799993,0.930733210343149,0.91040979348981,0.95769875454768,0.964793499822118
"GSM616608",0.936046981000516,0.933461172030402,0.908832713901484,0.912346629735068,0.945070065686465,0.897760690615549,0.91601491057171,0.927038778042933,0.93601445010624,0.930849515970611,0.919575465986057,0.931683593466119,0.930197850325998,0.937438330504185,0.944267449651055,0.945183398366884,0.934569051497869,0.916069881364394,0.925425276241679,0.923364671550589,0.904458635445092,0.935377922449829,0.952533828654019,0.951133666871243,0.965607777556711,1,0.94892658641439,0.95938200573935,0.949086487165865,0.961827797396857,0.938171796482913,0.953560722566305,0.959614530300278,0.917663218366114,0.954364953234741,0.948323884006618,0.961428967617114,0.954509030331794,0.97000106367923,0.947665371343408,0.95547625793434,0.954554176671344,0.973380046551489,0.931352388167851,0.958417168875893,0.938735681878197,0.942280267688149,0.93224335951629,0.962746826766455,0.941230160517402,0.954431861804675,0.939918215170981,0.949931262859786,0.940835724975991,0.950526007243082,0.942198740874577,0.958830520936284,0.93322125927944,0.957302473355719,0.943608855361459,0.946396134378563,0.941831171429487,0.96229643343983,0.928943551221813,0.895134247165201,0.946490496640319,0.952669144017922,0.933551708622187,0.923699222748392,0.910460806159227,0.938995602037259,0.914235115693363,0.912436289993362,0.947470347696838,0.954542044859346,0.941794095910412,0.90277906390025,0.958979478986275,0.965281087894058
"GSM616609",0.91101462453057,0.906544132536845,0.890488054850377,0.897316592833535,0.909887299281844,0.886686010519215,0.898946853295313,0.912752019083214,0.902399366615393,0.888611625670908,0.903700581738858,0.9056752731294,0.903569192782989,0.902156987763807,0.916546210315449,0.915905571857281,0.899507273230886,0.913288828090765,0.909896471509436,0.9060901437675,0.896964190836701,0.911022947034091,0.93190462611278,0.9323046158787,0.942805294607372,0.94892658641439,1,0.938084454150783,0.942006971321375,0.93404616503881,0.931982496036562,0.925614692545632,0.927089426951285,0.90814844335509,0.924072539248493,0.933905042890336,0.939041401592789,0.946967453085032,0.948190510391032,0.939248186650896,0.951482233664486,0.94167586339547,0.946491342293544,0.90961739934051,0.937643020813871,0.901473542406461,0.92549397360521,0.895660452949594,0.948248888949763,0.936210519653782,0.931005111635222,0.943290850229972,0.927869141601488,0.920547716414373,0.9390057592533,0.904285256719229,0.939902194068696,0.910179907722612,0.943792023632276,0.895305438269478,0.951987252221566,0.915795978874682,0.952403756558496,0.888641730079235,0.865069660491886,0.925925483734581,0.932087171837859,0.8957523612749,0.916744691424776,0.868919300848842,0.908581131919273,0.868312338004452,0.865510183278141,0.943747427704027,0.928424205630796,0.932866696289265,0.868330131104884,0.932349407061243,0.944757704490572
"GSM616610",0.942870625850359,0.916288169857561,0.875048577281172,0.883126124020939,0.948789152903598,0.861738235007511,0.898682524644552,0.908639169715983,0.939818362415757,0.931492676972699,0.902227078855536,0.912547006518133,0.897009014654173,0.930648224812859,0.929364687533433,0.93741782920691,0.925840448356877,0.89290990051759,0.904432166024573,0.901074801013174,0.872529010830236,0.925519366848304,0.968059758150276,0.955392350182455,0.965250051976636,0.95938200573935,0.938084454150783,1,0.935733476745598,0.944151968364518,0.925129306180002,0.934621357012159,0.95946459856917,0.897168837656686,0.954891219562187,0.96285420113949,0.96636982674269,0.943871741968308,0.946604875175926,0.945978915587597,0.944236219342781,0.933025283559808,0.958388607494027,0.915701568724147,0.953232008639394,0.930091364776816,0.931020332379172,0.913115741103075,0.96089812468975,0.922358946066865,0.950701276705245,0.919680488753795,0.935204604155577,0.91283535658596,0.942584358507319,0.916998777534505,0.950689516862467,0.906445698732685,0.946018499249701,0.931685478316131,0.950262667176885,0.952163221393072,0.933282122031058,0.943855932835223,0.897583471943111,0.945372981011449,0.945590244864573,0.937536290543975,0.915468336582305,0.909311216806399,0.94004707810587,0.916847571104393,0.904716188618745,0.933808627376111,0.964278579224348,0.946250703227035,0.935416570378103,0.947242922624912,0.967032946641593
"GSM616611",0.884534086971119,0.892207327814159,0.871577916755689,0.886250851574934,0.901642128026701,0.864244033798419,0.892760255356189,0.882936112020649,0.886095761759168,0.873866107335259,0.876671158685788,0.882943536480496,0.887557503109913,0.889872791628514,0.8919324359405,0.893895152656125,0.881692181860329,0.886779062602454,0.884768060779126,0.889795117623796,0.874701975083325,0.886893320478529,0.925233779969945,0.92554365364782,0.926008699460361,0.949086487165865,0.942006971321375,0.935733476745598,1,0.951138392268988,0.960526965659353,0.959728642204651,0.926944846684419,0.889225732960397,0.934073774529527,0.931060525625458,0.935972657182615,0.949654067921989,0.958922086053901,0.96050292771549,0.936545322857008,0.961875399946383,0.944776489208392,0.914734200562738,0.935962307928582,0.93741362107477,0.950089284990586,0.91767122190238,0.92524214805705,0.952955023170812,0.956827354378272,0.952617020013729,0.943736232723128,0.947448797738827,0.924663378078881,0.933497168041694,0.959582089466902,0.931906613240421,0.941371563578769,0.933444104249674,0.952840946762832,0.936008642687099,0.950327025000019,0.92713629343755,0.898900575485917,0.934019756210682,0.950017255920971,0.919169433353666,0.936847322435443,0.917800038181057,0.936748258046743,0.909957332144625,0.894257898774364,0.953966825982283,0.940335311549897,0.951841536959869,0.900739317044174,0.920564210603103,0.937420859823579
"GSM616612",0.908193088193015,0.91765090384201,0.893737505290838,0.90164611475986,0.925238026655516,0.882388096341691,0.90879958068371,0.90322062894078,0.908838321714567,0.902189050894953,0.894340162232671,0.907206975542512,0.913191852615341,0.917316704008817,0.917318441154835,0.919387369292675,0.910569177277238,0.901727366681404,0.905378307303789,0.910151422833628,0.889270839901057,0.909375811359282,0.937564158990199,0.944533442023599,0.94160233368168,0.961827797396857,0.93404616503881,0.944151968364518,0.951138392268988,1,0.9382169945309,0.95846661863509,0.948256588492133,0.906301799580957,0.943788760283622,0.93768238671233,0.944255557570834,0.946941642817478,0.958242298261449,0.946339618131387,0.936603523123811,0.95029633071034,0.958470717077534,0.924861065571337,0.951078475926233,0.943722139869473,0.948013938239398,0.934164697636116,0.942094031000507,0.942989883343475,0.958089367286303,0.937280988248912,0.954000515598515,0.945276341872017,0.934033187325168,0.943185487513679,0.955102098613674,0.940459803684009,0.949061191712238,0.950032013189908,0.939242994145619,0.933170389913431,0.951821541738728,0.925478106511853,0.902387507126404,0.943822077414996,0.949260444145156,0.935401877579756,0.929126505931801,0.923296885566544,0.936853712853991,0.919715279012023,0.912443577176969,0.948317875301273,0.95002740728198,0.937194381823643,0.900225861935424,0.939043820098566,0.951548414064368
"GSM616613",0.877945161389548,0.873108129642788,0.842479821871451,0.860886278085936,0.893282989107565,0.834656241430385,0.867472113338199,0.862888246126071,0.886214085512315,0.877765195036635,0.857680137731099,0.865793077990112,0.868520056513586,0.884621424374315,0.887288937595131,0.886673488770583,0.880878906760222,0.863217176490126,0.864563794766899,0.868971962433795,0.847799867954551,0.877082811399266,0.919577193336683,0.929330282030482,0.919655254376388,0.938171796482913,0.931982496036562,0.925129306180002,0.960526965659353,0.9382169945309,1,0.946058062902843,0.918116590642558,0.860342229783579,0.917540334438121,0.925260982169529,0.933489172252098,0.928187494609724,0.951372585256094,0.95226229585129,0.921885560559376,0.947039376518097,0.941805012872249,0.897178933413259,0.92070718118353,0.909029397560046,0.938871844982174,0.898692282274923,0.918391058093006,0.942692679271685,0.94233659550618,0.937197247556667,0.921633380961429,0.931163052811355,0.906529699740945,0.911714540370474,0.941097457320533,0.901667311336161,0.924557111110243,0.918894450434463,0.94039654664536,0.930778623945101,0.938891642955535,0.922078051882013,0.894494595692477,0.933504184478097,0.938167341583142,0.908358962729965,0.933308956208588,0.900545802131407,0.936840443426579,0.900374756603497,0.882095457069388,0.945135611753114,0.931378504659227,0.949066622453853,0.90170778194757,0.913073671829839,0.928184618149269
"GSM616614",0.897306081072603,0.907990454522694,0.878109175290922,0.886624279086037,0.926423117119285,0.864409735545253,0.910689312296836,0.89014326891772,0.89535644377456,0.893363762927176,0.873298135230695,0.888759156066958,0.894796078589586,0.910230587516432,0.899396328873644,0.914921184443183,0.90110653760868,0.886066637574193,0.888418506992191,0.904411994325264,0.877407027916975,0.897145278153139,0.920310001808406,0.921405161732016,0.92576346400606,0.953560722566305,0.925614692545632,0.934621357012159,0.959728642204651,0.95846661863509,0.946058062902843,1,0.944343539538926,0.884067116117395,0.952340010414455,0.926144469498345,0.93615001391504,0.931442476352887,0.953528721803084,0.943646429712013,0.927756296512429,0.95029990486816,0.947583400578438,0.915061483862415,0.943737187329969,0.941385559650926,0.963620393856322,0.939641053234309,0.924804163727919,0.945893369438907,0.963821363965834,0.942910255801772,0.950776911253188,0.96045744507096,0.914061192584607,0.958012106268266,0.950515296124833,0.939761790482091,0.938608401815978,0.961197800744748,0.929265255262844,0.938550928090958,0.949511692754053,0.936121713859777,0.929078140465252,0.935885830877419,0.947493334258496,0.939362975412121,0.951114698822548,0.941915675325871,0.953875373422818,0.941403369840019,0.933599522649834,0.94988737769866,0.949750523379054,0.944611468173122,0.913065585391404,0.929854252563882,0.935659174363537
"GSM616615",0.937817263085351,0.928928900811281,0.891925019270781,0.889759147692677,0.965109901706478,0.877408399279901,0.909307740745274,0.91433651514762,0.954501457430964,0.945282928195062,0.906777375746914,0.924471592878024,0.921296912931902,0.952161438884301,0.945278986413758,0.949888452340573,0.949273241425987,0.901120934720161,0.917271668980758,0.923344832512645,0.880738982590659,0.934603959685621,0.946320426427249,0.938597517279306,0.961338534785319,0.959614530300278,0.927089426951285,0.95946459856917,0.926944846684419,0.948256588492133,0.918116590642558,0.944343539538926,1,0.895654287692626,0.965524768960068,0.954244379127352,0.960213766180838,0.934480758103041,0.948218203057993,0.931494273382192,0.938951878649911,0.932928967640382,0.96200688830793,0.913744223403217,0.955224916349046,0.922806355207695,0.933808392358056,0.933286336251794,0.955687496563374,0.912906012601531,0.951624709218486,0.914049601685149,0.938499989399829,0.922104187836101,0.935540020731295,0.924747052292005,0.941732359520353,0.92113342231507,0.94852690678693,0.943073977977936,0.92817288551687,0.933502921941131,0.935492134468708,0.92996513653032,0.896298769610766,0.934338941489478,0.932596049482016,0.948651113508029,0.931611338286027,0.918948328251791,0.944979118329741,0.928501426840276,0.919131218274959,0.94449505894479,0.967419289529648,0.936796251393706,0.925987608071546,0.945321993433156,0.963122053354479
"GSM616616",0.900308570117274,0.919615825689091,0.940872347749352,0.945044186830447,0.896546158245269,0.941715424468783,0.939586829071496,0.940555208693046,0.877041145354424,0.858845705957079,0.939174029920481,0.925098046927851,0.931971029965255,0.893232496633876,0.905658463253869,0.902157406692738,0.883332757079784,0.940405984989152,0.945589492016986,0.933493011012201,0.940167958688491,0.917393314656453,0.894269852340636,0.876431297738807,0.92045581003619,0.917663218366114,0.90814844335509,0.897168837656686,0.889225732960397,0.906301799580957,0.860342229783579,0.884067116117395,0.895654287692626,1,0.89812406871691,0.881382895446855,0.880910150524754,0.94168810747448,0.900809148611017,0.878432680586255,0.930686088990044,0.908233029150019,0.898498011441734,0.921587937592408,0.929910673354036,0.889493870668269,0.891348170051306,0.867142817226571,0.916876961920163,0.89560729561399,0.896165186117529,0.901647780568469,0.922464041995918,0.899027634316059,0.926396049697989,0.895383218476789,0.90722781820208,0.936948966941679,0.923664214003345,0.847705141262189,0.90329286728991,0.850084550367956,0.918306212740181,0.816100479366138,0.805542426547241,0.895772840893568,0.876886376836219,0.851725321678718,0.86240853091297,0.834902482563407,0.834950869338729,0.803743522258359,0.814424478529145,0.902462627900006,0.888025822893741,0.843110418754865,0.805236027483194,0.898371263511596,0.900512440063545
"GSM616617",0.939241690102053,0.94116792500346,0.901074132588412,0.903034204188761,0.962692989763551,0.886622468575899,0.924973610088489,0.924484835722229,0.943804482705956,0.940438323977369,0.910365534921873,0.919888632482381,0.920317830739424,0.951681939477468,0.938462600645633,0.956857398577684,0.944845578578858,0.911324324361304,0.922281688179634,0.935303403229821,0.893981981019953,0.938320036867008,0.932744618273678,0.927253020714086,0.952350692081445,0.954364953234741,0.924072539248493,0.954891219562187,0.934073774529527,0.943788760283622,0.917540334438121,0.952340010414455,0.965524768960068,0.89812406871691,1,0.939130274384678,0.951118843675461,0.93132702183282,0.937839846863884,0.922392832671283,0.934200945737897,0.932355568697506,0.945902992722865,0.915182947022737,0.952079541850825,0.931289690589397,0.945648946690078,0.936270028598619,0.944749155451168,0.91663647647034,0.952028814820204,0.91848927979561,0.934837525910034,0.937358483436215,0.929869867327078,0.93949936963307,0.939210727763131,0.925108226349474,0.939308397151539,0.947082684117179,0.927300944775474,0.936412017925087,0.933717113538998,0.931179332883614,0.915681267903471,0.928906120305137,0.938546214633304,0.947930247318402,0.934012330327001,0.927108192437705,0.945247113059901,0.93818882103022,0.931712157666911,0.941252100661568,0.961121635914049,0.936325792832967,0.93150446418789,0.949589957476287,0.950838698092682
"GSM616618",0.916128125582738,0.898046135475245,0.861586329083288,0.867102020255495,0.931917480438451,0.851633511212828,0.87596695008139,0.890399748247188,0.928291762558819,0.917353129129626,0.888145003025365,0.898331879845536,0.8885142938851,0.915978129667033,0.918010066588259,0.920939057365366,0.914301671627535,0.878063188774952,0.890503694645928,0.887396593776071,0.859262290699044,0.910063730487321,0.955588723183151,0.944237131242214,0.948524175833412,0.948323884006618,0.933905042890336,0.96285420113949,0.931060525625458,0.93768238671233,0.925260982169529,0.926144469498345,0.954244379127352,0.881382895446855,0.939130274384678,1,0.959230213464958,0.938119764289475,0.947077445500986,0.941484722236693,0.947162965761935,0.940626892867762,0.953875693054565,0.909345226924149,0.944765426532888,0.919614105078848,0.923967233167674,0.900240431687493,0.954762558941938,0.914719387106218,0.943006610569512,0.919402208263111,0.924543949309789,0.910592375423826,0.930021434801214,0.898226522492631,0.952320634100708,0.904681637258556,0.947416617942092,0.921604654944702,0.943694053157387,0.940124189835675,0.931613184386459,0.92573358577119,0.877577997083467,0.937272259188566,0.927408122893747,0.927096990978215,0.915742276860006,0.899139197549814,0.933712286065401,0.907586432384199,0.889991483558129,0.936891918755444,0.959339247592071,0.941860468266155,0.918269532718429,0.927143508196702,0.962946966497741
"GSM616619",0.932882365095757,0.906114268532731,0.861541391574347,0.873238439939727,0.9420199959762,0.847638508659258,0.881127628194945,0.894993478144686,0.942666932970663,0.941388012331378,0.890866608702154,0.901767883856462,0.894123864852029,0.934383328903962,0.935332737427819,0.935551087637917,0.934417918067829,0.886806394896896,0.898775192168172,0.893544658279605,0.861018688372399,0.920849771948283,0.964403862554723,0.957698857739941,0.961171639933986,0.961428967617114,0.939041401592789,0.96636982674269,0.935972657182615,0.944255557570834,0.933489172252098,0.93615001391504,0.960213766180838,0.880910150524754,0.951118843675461,0.959230213464958,1,0.940788520758611,0.959365570127433,0.947815937581089,0.936660196453194,0.939763465004621,0.960415524816541,0.910392633522779,0.950669062146455,0.92599695647068,0.930705817686005,0.913370356027763,0.962585809757204,0.922295547454008,0.950514498893832,0.925071477440198,0.92830613177342,0.919958710934167,0.939550443459543,0.90735691638889,0.946201318218113,0.897333473396113,0.946754354153028,0.927294539493362,0.944086326452095,0.955259611432575,0.943496228995441,0.941178662230703,0.901199835716662,0.941475263430588,0.943516240839782,0.936080233924476,0.919331839955205,0.89971416333062,0.947854384095477,0.918670299573358,0.903704450685034,0.938204950387302,0.964415982242821,0.956804939709456,0.931313715985632,0.94503396037309,0.970858511296299
"GSM616620",0.911873400549991,0.913563766867496,0.908185142711466,0.918917321032316,0.914381149676328,0.904576587329359,0.915836339388847,0.921968611424623,0.902913107676891,0.889032647451277,0.920988374089242,0.914042276466386,0.916937276506996,0.906911688618375,0.916581973774012,0.912811824296522,0.900958465624,0.920290477033619,0.925312736063515,0.915619891534665,0.909883928132167,0.916655188130929,0.940126123867961,0.934236210732476,0.948312855193363,0.954509030331794,0.946967453085032,0.943871741968308,0.949654067921989,0.946941642817478,0.928187494609724,0.931442476352887,0.934480758103041,0.94168810747448,0.93132702183282,0.938119764289475,0.940788520758611,1,0.952980221339522,0.943622304719873,0.954687174155446,0.958087924834944,0.946660269676267,0.944066597982795,0.954087363372534,0.926850324485365,0.932763201094067,0.90520966462568,0.950022857056591,0.938472266147399,0.943563469251677,0.943445846479256,0.947332371700235,0.930774204772293,0.949173216092837,0.916891222746612,0.953130502362277,0.941443654092163,0.960742145076958,0.900663494801845,0.957330744585199,0.920757068080251,0.952056889184949,0.892646271034925,0.866087218096405,0.933857862552169,0.933881542536375,0.902871129132997,0.911924770382788,0.882948055311812,0.906514009657781,0.869690669704404,0.862161109629429,0.94521578617511,0.939253863195961,0.923128518455006,0.88100647096356,0.925800230023758,0.950546212459783
"GSM616621",0.910326468048741,0.909961600116566,0.884986000280318,0.894951386090572,0.924107731021513,0.875658096057991,0.897219976698859,0.904145145648998,0.914176760748032,0.910004777208875,0.897374759551515,0.907562444388443,0.90862365763248,0.916234617305071,0.92458689874091,0.922160022618852,0.913853690100557,0.900177247635071,0.905435780414149,0.90371738544148,0.888271714482159,0.914061440340642,0.945463956109305,0.948056058863695,0.948350233519904,0.97000106367923,0.948190510391032,0.946604875175926,0.958922086053901,0.958242298261449,0.951372585256094,0.953528721803084,0.948218203057993,0.900809148611017,0.937839846863884,0.947077445500986,0.959365570127433,0.952980221339522,1,0.956561350134,0.946727999177255,0.96358045414484,0.967996239577717,0.923806878263484,0.954234780904265,0.933687296446805,0.942095395263288,0.918948631097767,0.950328274525485,0.945070846572568,0.954680644864763,0.947801443690931,0.948068250830415,0.945154039721449,0.945185053802352,0.925447733625735,0.956302479160782,0.932931007413027,0.95540951771433,0.93270077868107,0.949323393974293,0.943358634202145,0.966612153341424,0.923016932708728,0.890752663810541,0.946330145786889,0.946337543963852,0.923029326678396,0.92681469942964,0.9037720352622,0.938454183747097,0.906398865039275,0.896570634912364,0.951908930009959,0.950229769816871,0.949986102032115,0.89697934613625,0.936423954328986,0.95618814031472
"GSM616622",0.891234649165225,0.881453917721705,0.856616775564859,0.869495762813596,0.902833729952066,0.845125770027326,0.872563121330391,0.873231441939546,0.898714609467799,0.887142587828404,0.869588518500336,0.882920118871366,0.877172785723604,0.891101989441523,0.899276909894608,0.897062656317019,0.88498281330282,0.874192304470901,0.873041340520408,0.87361532309067,0.858889763312807,0.884980850792373,0.941856861505876,0.944470976427471,0.931615629348509,0.947665371343408,0.939248186650896,0.945978915587597,0.96050292771549,0.946339618131387,0.95226229585129,0.943646429712013,0.931494273382192,0.878432680586255,0.922392832671283,0.941484722236693,0.947815937581089,0.943622304719873,0.956561350134,1,0.940549190604079,0.953233304425876,0.951364869542087,0.905310429960245,0.932184624313811,0.924324139715822,0.941893703366424,0.899659399250644,0.9356019634488,0.949168842268187,0.95149868334564,0.945161895128349,0.93879863084029,0.925384870320724,0.922366537577469,0.908378029108582,0.960002763758548,0.91337205403053,0.945471251430102,0.921967132650708,0.951410889690739,0.940268528536564,0.939535177756856,0.931498837835351,0.88040462498554,0.948232267768244,0.942533085598458,0.909882353085723,0.925622656404117,0.901381724522059,0.934718340558153,0.89760472084784,0.884786462719365,0.94790352897438,0.943042688539889,0.952865165814242,0.901350866492934,0.921676407468222,0.942456152945216
"GSM616623",0.915353412419933,0.916733316176136,0.909336420367171,0.911783263989789,0.921556953762441,0.904372699707818,0.916395648013947,0.923983025638628,0.911709711815752,0.895552772594639,0.917552593752707,0.920139053485202,0.916784729564006,0.910849555718566,0.921199873368084,0.923931654541441,0.905689995939034,0.917251530635007,0.922055766188916,0.919146214273914,0.908425375321878,0.921238772775627,0.938027666313006,0.932065395484864,0.949102183322679,0.95547625793434,0.951482233664486,0.944236219342781,0.936545322857008,0.936603523123811,0.921885560559376,0.927756296512429,0.938951878649911,0.930686088990044,0.934200945737897,0.947162965761935,0.936660196453194,0.954687174155446,0.946727999177255,0.940549190604079,1,0.949421262339722,0.94869211679552,0.92973373931848,0.947894220325733,0.915271462472941,0.932905509281932,0.896334655521738,0.953338612614457,0.932395588073276,0.937820259363559,0.939968730267416,0.940738588144965,0.925100524684993,0.944395367265859,0.911438753518123,0.951774177104008,0.93380080341636,0.952526408867594,0.900491415129847,0.945933480135037,0.913495135335297,0.946993899272416,0.886137448204771,0.854907610983161,0.936230879798827,0.923691494093008,0.897541899298553,0.915275484711213,0.880011891896496,0.904642822107138,0.867796401199903,0.867948699282605,0.941890752711225,0.93388743041595,0.916723743546106,0.869841765507126,0.929038256810262,0.94741899014705
"GSM616624",0.893603550585003,0.903412943733057,0.887782206128361,0.90334682109056,0.907016051069687,0.885331426862551,0.902588351398933,0.902318005317482,0.891990420752143,0.882639837795978,0.895736751907408,0.897493395483426,0.902691166404936,0.897946284414373,0.904492016782088,0.90401657935538,0.891433366077107,0.899132426708674,0.90546021268785,0.902867851377077,0.893421866604999,0.904116555936081,0.931428089705913,0.930153328403314,0.931986071753239,0.954554176671344,0.94167586339547,0.933025283559808,0.961875399946383,0.95029633071034,0.947039376518097,0.95029990486816,0.932928967640382,0.908233029150019,0.932355568697506,0.940626892867762,0.939763465004621,0.958087924834944,0.96358045414484,0.953233304425876,0.949421262339722,1,0.950792837769881,0.931325938732763,0.945809122843369,0.934067409367777,0.949153810081793,0.909448587409375,0.939539570443144,0.947499444987163,0.94933139640186,0.952247653649264,0.947693179960386,0.946611866066847,0.935214555406954,0.927437173626872,0.957666502057282,0.941146618758883,0.953423879023819,0.921294471419094,0.94938372660797,0.927216120758388,0.958899061379246,0.908900271978316,0.879145054351871,0.935822554595103,0.938431093903523,0.909431355745789,0.924576416283663,0.898276703980307,0.92369353995217,0.892772955947965,0.882746489470685,0.950064440992927,0.938173800495996,0.936161731232862,0.88465210946811,0.92023393210168,0.942225546878904
"GSM616625",0.92504339651038,0.915731433570742,0.888778956295487,0.891151086027665,0.937596478651332,0.878193101673753,0.898349208035086,0.907816290832548,0.933855316375099,0.921823693867933,0.903572802148745,0.916010524349287,0.91287299326534,0.926577621210096,0.932391595454475,0.931006029023323,0.923913901764178,0.89527115812469,0.908457257325634,0.907353455587509,0.882972287022873,0.921912065447429,0.948981985989377,0.949263965644838,0.959613547187067,0.973380046551489,0.946491342293544,0.958388607494027,0.944776489208392,0.958470717077534,0.941805012872249,0.947583400578438,0.96200688830793,0.898498011441734,0.945902992722865,0.953875693054565,0.960415524816541,0.946660269676267,0.967996239577717,0.951364869542087,0.94869211679552,0.950792837769881,1,0.92067496279812,0.948595925595164,0.926085045603106,0.93886794282877,0.92026357253897,0.957862840367692,0.934154946666908,0.952828297008329,0.937219331487607,0.944789132971416,0.930051884175454,0.935842740683217,0.92589986604687,0.953595190285881,0.92399822645798,0.952579341552632,0.939215967350921,0.94243452316148,0.93725805280467,0.95304560971429,0.928111767306931,0.885808816085771,0.945228862355401,0.945310972706476,0.930287631531672,0.928703699584926,0.9027270857997,0.93922501561909,0.910142747752721,0.899244178755222,0.950857855628631,0.954119509355299,0.948133483636787,0.904649431413052,0.945076241932656,0.962778935738846
"GSM616626",0.893895610986471,0.895739788403526,0.889567760123429,0.898004994462397,0.896652342112364,0.886242802500593,0.90297325131823,0.904809675479779,0.880397907943789,0.867923447635365,0.900871018053144,0.89056091690521,0.894666601764775,0.889991580723703,0.889414821062896,0.892026376060447,0.881603942803894,0.894832247653684,0.91058468989123,0.897702839314194,0.888868961187399,0.898422695391888,0.909231379219418,0.911135252506419,0.926436334362842,0.931352388167851,0.90961739934051,0.915701568724147,0.914734200562738,0.924861065571337,0.897178933413259,0.915061483862415,0.913744223403217,0.921587937592408,0.915182947022737,0.909345226924149,0.910392633522779,0.944066597982795,0.923806878263484,0.905310429960245,0.92973373931848,0.931325938732763,0.92067496279812,1,0.933035798308165,0.929526603760472,0.913774188013857,0.886673490591643,0.923159714766327,0.907431457505643,0.918383898874236,0.910367566437026,0.924952501188391,0.917499557732747,0.925459334785079,0.909739938641018,0.924038685749619,0.927198973722443,0.929294916297119,0.881222183886406,0.921826055892932,0.892143436490795,0.92866489632966,0.866700586669434,0.852597796770508,0.907138360845001,0.908762273202456,0.885991147029327,0.893349731249825,0.867976687781463,0.889136577323546,0.855680466463883,0.85145483720316,0.90678057536056,0.916683144631031,0.883843798577915,0.860929955554869,0.897775526169805,0.923904723856176
"GSM616627",0.936871418317349,0.928992978285494,0.913987089778762,0.917227128869303,0.943684907378418,0.898382123257561,0.930311884351701,0.9278590611357,0.921709094421039,0.917228781900588,0.916508833825375,0.921634898202054,0.92241329565237,0.934181168087703,0.930861013161459,0.9378258793276,0.926527176285647,0.925142130461405,0.9287042423164,0.930240659146584,0.909320340187255,0.930039900776946,0.948054930224725,0.936980487737717,0.953855377223768,0.958417168875893,0.937643020813871,0.953232008639394,0.935962307928582,0.951078475926233,0.92070718118353,0.943737187329969,0.955224916349046,0.929910673354036,0.952079541850825,0.944765426532888,0.950669062146455,0.954087363372534,0.954234780904265,0.932184624313811,0.947894220325733,0.945809122843369,0.948595925595164,0.933035798308165,1,0.937124683417566,0.940283485486753,0.937355432908373,0.951742476596582,0.931382501145148,0.959230840481692,0.935712574999276,0.959781609542984,0.943477493695286,0.958118130984656,0.932941947376451,0.945881969828094,0.94601876829911,0.959542905297685,0.924189338535883,0.943291158784926,0.937852102015644,0.951358728113912,0.912297470132539,0.901212120319733,0.940833611890273,0.937915356496688,0.927924428240771,0.920173666441511,0.909531629348386,0.92583083355086,0.907649321139121,0.901811824346467,0.942992315236581,0.955264807739066,0.925001468033246,0.906749362419419,0.938461847128499,0.952759955517508
"GSM616628",0.894786939400023,0.900980904508387,0.873738960856927,0.890919551630803,0.908488577942367,0.860711685852502,0.893040523432192,0.880055144449626,0.887886774226767,0.883441327455104,0.871360925723932,0.882987645712477,0.890301884217583,0.897127028781622,0.892015510026562,0.89395328953823,0.886519759544815,0.880065430644968,0.888072311489122,0.886809662907356,0.870969050342941,0.889285671554793,0.916676674000949,0.907277473058681,0.91771890933876,0.938735681878197,0.901473542406461,0.930091364776816,0.93741362107477,0.943722139869473,0.909029397560046,0.941385559650926,0.922806355207695,0.889493870668269,0.931289690589397,0.919614105078848,0.92599695647068,0.926850324485365,0.933687296446805,0.924324139715822,0.915271462472941,0.934067409367777,0.926085045603106,0.929526603760472,0.937124683417566,1,0.928456248323508,0.92077956190699,0.919600329438409,0.925086567360858,0.94496953136219,0.911641628541421,0.930552663547405,0.933308514989194,0.914202755783478,0.939336460102945,0.946020638278699,0.928936802093359,0.923145957575675,0.939939125579672,0.921272071068916,0.923552558621472,0.92960291554955,0.921574070174588,0.8988198851405,0.923986854071838,0.933683699736945,0.936176881611859,0.913232267356503,0.933039705176517,0.925641325396403,0.921214549502732,0.918684189335068,0.921857467068878,0.936450734121434,0.915081304849907,0.904314402020992,0.919204010457399,0.926468802849824
"GSM616629",0.890676966150761,0.898922376534753,0.879319551911968,0.893042361409071,0.913491036742887,0.869211901693599,0.909195542640299,0.888696502888483,0.886459140723995,0.881946032748588,0.873452063632924,0.884524707758065,0.888540874865403,0.901007823372755,0.891714169219716,0.906620298561424,0.891554158906065,0.886828308758525,0.890719474817579,0.903040172224611,0.878383262040661,0.893657792727416,0.925824520782379,0.920784289692959,0.920979211899097,0.942280267688149,0.92549397360521,0.931020332379172,0.950089284990586,0.948013938239398,0.938871844982174,0.963620393856322,0.933808392358056,0.891348170051306,0.945648946690078,0.923967233167674,0.930705817686005,0.932763201094067,0.942095395263288,0.941893703366424,0.932905509281932,0.949153810081793,0.93886794282877,0.913774188013857,0.940283485486753,0.928456248323508,1,0.919587235450691,0.928949263055185,0.94316919906338,0.955379672009905,0.949764438914587,0.947471912107955,0.950275815595161,0.916068828492327,0.942379326190297,0.946999547146459,0.938047904838939,0.945837820456881,0.939302284000492,0.933971421380515,0.931365755291704,0.943052154148388,0.923642503930049,0.90619810908242,0.931100043834002,0.9408649206346,0.928589747648625,0.947729497462867,0.925321715225308,0.941097300338048,0.918646500515217,0.913495697228236,0.952558525109778,0.940907196927225,0.938924987345415,0.902456029532524,0.919351116252092,0.932097838555075
"GSM616630",0.918547891477178,0.911752477244049,0.884013782288191,0.877133592444219,0.919844316296853,0.855455703236051,0.895460102729902,0.882024657581202,0.898179329667992,0.895458665098851,0.867178026228293,0.888043636223714,0.901638220904773,0.912959373927793,0.89854652993343,0.911887829350718,0.908959798767928,0.879944478247733,0.880377061888329,0.897940327169897,0.86310366311576,0.889238605279156,0.897563612322073,0.896451943031847,0.908921432243456,0.93224335951629,0.895660452949594,0.913115741103075,0.91767122190238,0.934164697636116,0.898692282274923,0.939641053234309,0.933286336251794,0.867142817226571,0.936270028598619,0.900240431687493,0.913370356027763,0.90520966462568,0.918948631097767,0.899659399250644,0.896334655521738,0.909448587409375,0.92026357253897,0.886673490591643,0.937355432908373,0.92077956190699,0.919587235450691,1,0.90443896933397,0.906895020206868,0.943828689078917,0.896863741185015,0.923293142909506,0.922284316424955,0.898621337355945,0.940913178143677,0.915088359601583,0.907325772547919,0.910882479804333,0.945799030841142,0.90060939924839,0.912636843225468,0.910246900732383,0.912679306482249,0.934725980240446,0.89816464045068,0.927597192351776,0.934640515531189,0.916663804564515,0.934533677887295,0.931572930994999,0.942926303331494,0.936378546840307,0.918478264667808,0.924149123304677,0.910247087479708,0.901836078574038,0.929233306239937,0.920110130734115
"GSM616631",0.937293585222799,0.920474239435319,0.894125743507267,0.898860128074868,0.939683585370535,0.885672505710354,0.902783860504171,0.921048530602967,0.938091788698974,0.931476891166069,0.917461965384015,0.921578620969416,0.916194002904896,0.934960097433677,0.942253476745446,0.94082067031859,0.935857883949989,0.912499834866528,0.925736433976405,0.914588188375461,0.893453358270736,0.93820585253969,0.956026730291987,0.947273955276066,0.962840398042826,0.962746826766455,0.948248888949763,0.96089812468975,0.92524214805705,0.942094031000507,0.918391058093006,0.924804163727919,0.955687496563374,0.916876961920163,0.944749155451168,0.954762558941938,0.962585809757204,0.950022857056591,0.950328274525485,0.9356019634488,0.953338612614457,0.939539570443144,0.957862840367692,0.923159714766327,0.951742476596582,0.919600329438409,0.928949263055185,0.90443896933397,1,0.925446644383934,0.94145040114417,0.931754690864497,0.939317522614261,0.918930709908685,0.950335761555809,0.909553561027694,0.951889844364409,0.915279624573579,0.957394230800546,0.914629390920126,0.938460516807522,0.925674801127024,0.952324398587859,0.904044555597815,0.867674401066926,0.940916558276401,0.924819237320317,0.914008769323241,0.909329968679422,0.876411346011042,0.916940447366911,0.884732274989361,0.88065731870471,0.937315513248388,0.950263380717778,0.92558767782316,0.891928649593772,0.941830444920254,0.96845508482379
"GSM616632",0.895373578551098,0.899776434325805,0.88573495897782,0.902743979996505,0.894916558891916,0.878126661406942,0.901155968840625,0.892073657810033,0.883018591169309,0.873922930522017,0.886806527629919,0.894529678951786,0.895812865611598,0.889746993848415,0.898709913053133,0.89709984058895,0.882174218484456,0.896653208977586,0.893440608118342,0.895671765073572,0.891035986129457,0.897147270902273,0.921614447487835,0.922357296339729,0.921207366069244,0.941230160517402,0.936210519653782,0.922358946066865,0.952955023170812,0.942989883343475,0.942692679271685,0.945893369438907,0.912906012601531,0.89560729561399,0.91663647647034,0.914719387106218,0.922295547454008,0.938472266147399,0.945070846572568,0.949168842268187,0.932395588073276,0.947499444987163,0.934154946666908,0.907431457505643,0.931382501145148,0.925086567360858,0.94316919906338,0.906895020206868,0.925446644383934,1,0.943653601504258,0.94634481457996,0.940937403611735,0.940148966885211,0.917760728348057,0.938689401510911,0.950031435468254,0.921490540774614,0.936613915691301,0.920642941826612,0.937265859363866,0.917485974077358,0.94606938137715,0.910660653704439,0.88984908198958,0.933820701362462,0.936574865643305,0.900106402335437,0.91820091243529,0.900275130712055,0.914835030761777,0.888247585521255,0.886434378316625,0.942049014730443,0.920729833174797,0.923543020034674,0.875207554129938,0.926674910224529,0.925105548111605
"GSM616633",0.916492612252659,0.910744459009583,0.889620382156871,0.894548495732395,0.933654670597003,0.870322993624979,0.911612312393645,0.895953616151916,0.910416790029969,0.905516957933646,0.883494652022231,0.898169473199201,0.902415471708985,0.920626004396348,0.912815256602188,0.920347637807263,0.912815487970152,0.896864948735543,0.899253161436524,0.909199296509963,0.882317349973724,0.906554938724193,0.937987356067691,0.931738897963249,0.935644735297506,0.954431861804675,0.931005111635222,0.950701276705245,0.956827354378272,0.958089367286303,0.94233659550618,0.963821363965834,0.951624709218486,0.896165186117529,0.952028814820204,0.943006610569512,0.950514498893832,0.943563469251677,0.954680644864763,0.95149868334564,0.937820259363559,0.94933139640186,0.952828297008329,0.918383898874236,0.959230840481692,0.94496953136219,0.955379672009905,0.943828689078917,0.94145040114417,0.943653601504258,1,0.940082249935812,0.959530147481025,0.953524864321466,0.929779001042664,0.944783084777169,0.960344488734738,0.940834764716957,0.950564654309148,0.951993106908682,0.940087293746821,0.945494847423976,0.951006141078165,0.934515535960737,0.918147233412005,0.944917787086917,0.945795198652224,0.937794084275101,0.945469692044651,0.93383322295129,0.946242015003613,0.935553159744969,0.917837297796055,0.953902524844257,0.957775612826443,0.947242525497999,0.917177844055551,0.932409456371257,0.950197730960507
"GSM616634",0.882169634089636,0.890518744438483,0.881749132291042,0.894507179383466,0.892574933485896,0.878451434454495,0.902011117402396,0.895751109535863,0.873471902586616,0.861439730847613,0.882693814039074,0.885484792357892,0.887448798464115,0.881173616110099,0.888644609433051,0.894171567287472,0.873401744763709,0.895121222821683,0.891317163778194,0.896117010263726,0.888386661530776,0.887490736326501,0.920670560001481,0.917433358320785,0.918766382618901,0.939918215170981,0.943290850229972,0.919680488753795,0.952617020013729,0.937280988248912,0.937197247556667,0.942910255801772,0.914049601685149,0.901647780568469,0.91848927979561,0.919402208263111,0.925071477440198,0.943445846479256,0.947801443690931,0.945161895128349,0.939968730267416,0.952247653649264,0.937219331487607,0.910367566437026,0.935712574999276,0.911641628541421,0.949764438914587,0.896863741185015,0.931754690864497,0.94634481457996,0.940082249935812,1,0.950994653865236,0.942704557631685,0.921411042077793,0.920228035460995,0.949350720929433,0.9291284297631,0.946687821950931,0.907711393863588,0.941574241979224,0.915899112510408,0.948549789994717,0.89187529867848,0.871438222524272,0.93266733781953,0.929286505880953,0.885627716110099,0.926896772057021,0.883017053647811,0.913248045270977,0.876835719485051,0.869419397242802,0.949685169002081,0.920325761907154,0.927074385745645,0.862165498226937,0.909861152985435,0.927187405856584
"GSM616635",0.904772408144458,0.912404717793635,0.908214467528108,0.911778417352764,0.918909063072271,0.896738955090655,0.926118889411959,0.913313372321642,0.893236418491079,0.882706873899223,0.900737742469678,0.907462762177937,0.910395941422295,0.906656479060476,0.90656232789757,0.91149201184209,0.895062567887299,0.912784268518624,0.913303589990359,0.919324841924384,0.907584166449797,0.909567859802738,0.929539526406402,0.920246567287947,0.931483175855956,0.949931262859786,0.927869141601488,0.935204604155577,0.943736232723128,0.954000515598515,0.921633380961429,0.950776911253188,0.938499989399829,0.922464041995918,0.934837525910034,0.924543949309789,0.92830613177342,0.947332371700235,0.948068250830415,0.93879863084029,0.940738588144965,0.947693179960386,0.944789132971416,0.924952501188391,0.959781609542984,0.930552663547405,0.947471912107955,0.923293142909506,0.939317522614261,0.940937403611735,0.959530147481025,0.950994653865236,1,0.945489684854221,0.934853365231032,0.938411423535788,0.954814837507804,0.954134143168579,0.95784090810207,0.927453124372514,0.930405348637514,0.913682148370679,0.955066065226042,0.89977832776097,0.874670473948134,0.939441965554756,0.926339297127477,0.901675409920857,0.919539458524977,0.897676859474118,0.908102361291868,0.888822170302511,0.88182509425106,0.942914267782612,0.938943310600633,0.91449654700952,0.87297501298657,0.91583329766576,0.934896744007279
"GSM616636",0.888745007352789,0.911091575615018,0.894528714849096,0.905899448778304,0.912368527909866,0.886470311146418,0.926227460025406,0.902685716036424,0.880947458303928,0.87956156164756,0.885521223218351,0.891021904450513,0.903090245995491,0.905953607605761,0.897661082801254,0.910352319413273,0.896732512765209,0.906564952799177,0.904576831863484,0.918872768072647,0.899813480271955,0.901445232834289,0.908617699619898,0.903161872209449,0.91300427554505,0.940835724975991,0.920547716414373,0.91283535658596,0.947448797738827,0.945276341872017,0.931163052811355,0.96045744507096,0.922104187836101,0.899027634316059,0.937358483436215,0.910592375423826,0.919958710934167,0.930774204772293,0.945154039721449,0.925384870320724,0.925100524684993,0.946611866066847,0.930051884175454,0.917499557732747,0.943477493695286,0.933308514989194,0.950275815595161,0.922284316424955,0.918930709908685,0.940148966885211,0.953524864321466,0.942704557631685,0.945489684854221,1,0.921782025034763,0.949968583243805,0.941972641575684,0.943464376708857,0.936926177425011,0.933321235250496,0.923011996273901,0.923644822156881,0.950917255690565,0.900694889218618,0.916449599410809,0.927577669128811,0.928692767916315,0.909346945386587,0.939365196728673,0.916659708792269,0.930542725481977,0.912452625107077,0.899367236776749,0.941497028590804,0.930029917647632,0.918546879086741,0.878125895454764,0.914234364794316,0.92063385679026
"GSM616637",0.924115023111511,0.922100931258433,0.904812760446337,0.914710647687267,0.927990417231258,0.898687512016719,0.916391218814642,0.928796237024487,0.913981235082961,0.909893687223477,0.9209446422892,0.921927275080632,0.920651861282961,0.927262192580974,0.934081054544423,0.930797889443107,0.919051962056948,0.930513736131054,0.93181274294598,0.922534938920895,0.912310308689432,0.929296587754493,0.943721952917505,0.931923772120117,0.944182700664815,0.950526007243082,0.9390057592533,0.942584358507319,0.924663378078881,0.934033187325168,0.906529699740945,0.914061192584607,0.935540020731295,0.926396049697989,0.929869867327078,0.930021434801214,0.939550443459543,0.949173216092837,0.945185053802352,0.922366537577469,0.944395367265859,0.935214555406954,0.935842740683217,0.925459334785079,0.958118130984656,0.914202755783478,0.916068828492327,0.898621337355945,0.950335761555809,0.917760728348057,0.929779001042664,0.921411042077793,0.934853365231032,0.921782025034763,1,0.909506979514095,0.931238281340638,0.926083812100598,0.948754430240317,0.891057611750839,0.943929810281294,0.923639020470304,0.944715025039616,0.891763708008555,0.86776118181945,0.925997027269011,0.928862505448326,0.898534392987763,0.88884283213005,0.871388884396958,0.898892960094172,0.866764739226923,0.868384830430842,0.919273508789233,0.935273277725807,0.909193804487925,0.877392971865103,0.929760580454117,0.942774644893379
"GSM616638",0.906866777155063,0.931289693669124,0.905195682969473,0.918747569054117,0.924286988299481,0.896228601089977,0.93252481088119,0.908341674169115,0.893541464351499,0.889659767446472,0.89267872645235,0.907844238220313,0.91973491489925,0.917342003651033,0.903844248826755,0.91690679733356,0.905086115294566,0.905392594605816,0.905421129938144,0.922926841843208,0.901549984872935,0.910517648738588,0.900437799629746,0.894958810673972,0.914201971649965,0.942198740874577,0.904285256719229,0.916998777534505,0.933497168041694,0.943185487513679,0.911714540370474,0.958012106268266,0.924747052292005,0.895383218476789,0.93949936963307,0.898226522492631,0.90735691638889,0.916891222746612,0.925447733625735,0.908378029108582,0.911438753518123,0.927437173626872,0.92589986604687,0.909739938641018,0.932941947376451,0.939336460102945,0.942379326190297,0.940913178143677,0.909553561027694,0.938689401510911,0.944783084777169,0.920228035460995,0.938411423535788,0.949968583243805,0.909506979514095,1,0.932383759383978,0.934287818606351,0.921467094033815,0.951975673585199,0.907207722163777,0.908240994837604,0.931863862855826,0.916794342072259,0.921487943617577,0.914506605176614,0.935156231897693,0.92974481954549,0.922234149114238,0.942909673850335,0.924172537231138,0.92402942713032,0.93595610140291,0.923533174439511,0.919506783208675,0.902754565718538,0.891761632455124,0.938167599815844,0.911258607118494
"GSM616639",0.904480922088333,0.908802964989219,0.890033949839355,0.900350355105764,0.918192759279525,0.882576056736179,0.902314710314554,0.901376279451419,0.907025044632871,0.895806782577367,0.895767969642244,0.906753865074273,0.90357258678821,0.906809483428993,0.913357575544908,0.913733895065464,0.900104459487767,0.899637135155585,0.902950027033217,0.903360456557376,0.890704415975396,0.909606161371555,0.944217134502558,0.934020895532536,0.938888743762475,0.958830520936284,0.939902194068696,0.950689516862467,0.959582089466902,0.955102098613674,0.941097457320533,0.950515296124833,0.941732359520353,0.90722781820208,0.939210727763131,0.952320634100708,0.946201318218113,0.953130502362277,0.956302479160782,0.960002763758548,0.951774177104008,0.957666502057282,0.953595190285881,0.924038685749619,0.945881969828094,0.946020638278699,0.946999547146459,0.915088359601583,0.951889844364409,0.950031435468254,0.960344488734738,0.949350720929433,0.954814837507804,0.941972641575684,0.931238281340638,0.932383759383978,1,0.938672759204541,0.95769558629522,0.939579225133078,0.946562315974328,0.932777753009448,0.955888412068799,0.92339823545641,0.882765728441679,0.947016775765706,0.939034068346306,0.919695688878628,0.926598693671834,0.911952971004328,0.927602947801863,0.906301463191209,0.896453640349955,0.951750356307073,0.948329030704297,0.936244583182861,0.895168551673955,0.929356596554889,0.954030118716493
"GSM616640",0.879738719179342,0.914373083292641,0.924450159767472,0.930758457012536,0.9052291199303,0.920253656958113,0.936939491722577,0.916759019393699,0.873190191649648,0.858402780713659,0.905793405397977,0.907014581021037,0.923211380914182,0.894746816623474,0.892025016814459,0.898382604128868,0.883034295673541,0.91901121607342,0.923670496336057,0.929219529503242,0.922361023660082,0.902862342859814,0.900226114937278,0.886774945354382,0.908152506190669,0.93322125927944,0.910179907722612,0.906445698732685,0.931906613240421,0.940459803684009,0.901667311336161,0.939761790482091,0.92113342231507,0.936948966941679,0.925108226349474,0.904681637258556,0.897333473396113,0.941443654092163,0.932931007413027,0.91337205403053,0.93380080341636,0.941146618758883,0.92399822645798,0.927198973722443,0.94601876829911,0.928936802093359,0.938047904838939,0.907325772547919,0.915279624573579,0.921490540774614,0.940834764716957,0.9291284297631,0.954134143168579,0.943464376708857,0.926083812100598,0.934287818606351,0.938672759204541,1,0.942544524612905,0.909217418541942,0.915567535047314,0.880463721561198,0.943765958068081,0.861970631448353,0.852678987932435,0.915988538582793,0.904362700143043,0.899046310923003,0.909834953910223,0.898588937297952,0.885892789820501,0.868363571839884,0.868283267036513,0.937092792354937,0.921749310383906,0.88629639581951,0.845977080966834,0.898683381194017,0.910854708495125
"GSM616641",0.911984214956168,0.917621528311991,0.907360180218626,0.910436862233626,0.92647624472502,0.899711611605171,0.916784966531806,0.920697504396371,0.91323402461162,0.902465578007894,0.912471800144341,0.918067118055015,0.916633091951832,0.918108694669902,0.923705949048569,0.925871381093932,0.913335822000407,0.919749734494211,0.923160639649259,0.923236760978839,0.908878954092295,0.923614933532302,0.948075053526796,0.936488192068875,0.94546607068757,0.957302473355719,0.943792023632276,0.946018499249701,0.941371563578769,0.949061191712238,0.924557111110243,0.938608401815978,0.94852690678693,0.923664214003345,0.939308397151539,0.947416617942092,0.946754354153028,0.960742145076958,0.95540951771433,0.945471251430102,0.952526408867594,0.953423879023819,0.952579341552632,0.929294916297119,0.959542905297685,0.923145957575675,0.945837820456881,0.910882479804333,0.957394230800546,0.936613915691301,0.950564654309148,0.946687821950931,0.95784090810207,0.936926177425011,0.948754430240317,0.921467094033815,0.95769558629522,0.942544524612905,1,0.919340222746,0.942180350967599,0.922246016496793,0.956056548014416,0.901064913245665,0.865135233131458,0.941259706040205,0.924471401306119,0.90456016786132,0.917842119860335,0.890224208620143,0.914880720249646,0.884780145484116,0.879265567628931,0.947443120361618,0.948851238060771,0.924312294096502,0.875927326846918,0.924937730280443,0.953011626067293
"GSM616642",0.895066760866695,0.903365886257832,0.855976731224503,0.860866500697749,0.925457627121777,0.837416737030925,0.882009453462734,0.86503001811996,0.902287180683122,0.902381123102687,0.851190492496026,0.880582313291571,0.884966407764118,0.910346274019469,0.896116184096458,0.9103905982843,0.906213111316743,0.858254788033282,0.864361372503335,0.884089862475657,0.844100474415214,0.888006187032352,0.912085577834869,0.910180798515192,0.915015761847446,0.943608855361459,0.895305438269478,0.931685478316131,0.933444104249674,0.950032013189908,0.918894450434463,0.961197800744748,0.943073977977936,0.847705141262189,0.947082684117179,0.921604654944702,0.927294539493362,0.900663494801845,0.93270077868107,0.921967132650708,0.900491415129847,0.921294471419094,0.939215967350921,0.881222183886406,0.924189338535883,0.939939125579672,0.939302284000492,0.945799030841142,0.914629390920126,0.920642941826612,0.951993106908682,0.907711393863588,0.927453124372514,0.933321235250496,0.891057611750839,0.951975673585199,0.939579225133078,0.909217418541942,0.919340222746,1,0.903602909545615,0.929760735880341,0.919397538874654,0.944936010610148,0.925148452049409,0.92144379000073,0.937891588561165,0.954754682233725,0.933771171190494,0.960075330010627,0.953673742936532,0.966489609319323,0.962293309472655,0.930557667778383,0.943083089203447,0.932100758463959,0.920433184374855,0.92896362217017,0.93114638052228
"GSM616643",0.906979478541121,0.89584007178722,0.873533701009756,0.889512968583515,0.906697751361521,0.868513718962792,0.889110214425227,0.898572522402246,0.899168880911905,0.884404477771737,0.893812203354353,0.895004432219758,0.887623228212975,0.895486262028297,0.902797856491389,0.902315820822838,0.886322555320706,0.895517845709901,0.894432790370907,0.889354789138441,0.878028691532862,0.897832887610275,0.940982194037916,0.939362122983269,0.944120175684044,0.946396134378563,0.951987252221566,0.950262667176885,0.952840946762832,0.939242994145619,0.94039654664536,0.929265255262844,0.92817288551687,0.90329286728991,0.927300944775474,0.943694053157387,0.944086326452095,0.957330744585199,0.949323393974293,0.951410889690739,0.945933480135037,0.94938372660797,0.94243452316148,0.921826055892932,0.943291158784926,0.921272071068916,0.933971421380515,0.90060939924839,0.938460516807522,0.937265859363866,0.940087293746821,0.941574241979224,0.930405348637514,0.923011996273901,0.943929810281294,0.907207722163777,0.946562315974328,0.915567535047314,0.942180350967599,0.903602909545615,1,0.946304839586644,0.938723249697318,0.920598938677815,0.890622370718222,0.935720867996175,0.95561423220473,0.917090396501142,0.918674945521157,0.89426831500987,0.928259778363666,0.889619275201073,0.875349695435999,0.949247097436708,0.938674277181009,0.951092568146298,0.912760045685964,0.928611535705142,0.944770892391644
"GSM616644",0.904827850942144,0.87663192971343,0.827002293626751,0.842546765423906,0.918395180541532,0.808894781801951,0.859528274181708,0.860143774001373,0.904737510066833,0.909733868474362,0.84962374828651,0.866750193135447,0.856885884705664,0.905729642774315,0.898366959970433,0.907724903265804,0.897875854097352,0.852548067458488,0.855935734076767,0.860273415189386,0.827093677032784,0.881174970066563,0.944014078286816,0.940359061891007,0.931959796021275,0.941831171429487,0.915795978874682,0.952163221393072,0.936008642687099,0.933170389913431,0.930778623945101,0.938550928090958,0.933502921941131,0.850084550367956,0.936412017925087,0.940124189835675,0.955259611432575,0.920757068080251,0.943358634202145,0.940268528536564,0.913495135335297,0.927216120758388,0.93725805280467,0.892143436490795,0.937852102015644,0.923552558621472,0.931365755291704,0.912636843225468,0.925674801127024,0.917485974077358,0.945494847423976,0.915899112510408,0.913682148370679,0.923644822156881,0.923639020470304,0.908240994837604,0.932777753009448,0.880463721561198,0.922246016496793,0.929760735880341,0.946304839586644,1,0.918866123806911,0.961738439812749,0.937987192066932,0.927753652212263,0.957485511900266,0.940231898238761,0.925350290430304,0.923394235653678,0.961574721986459,0.941391225806568,0.919454883838142,0.928705577830605,0.94881024939936,0.963158560362802,0.951420764094193,0.926646903958975,0.946437498310934
"GSM616645",0.907090543426455,0.915825358386753,0.903864140062199,0.913221708900707,0.916738349752492,0.898743823188095,0.915479687368403,0.917961157795649,0.901173910246308,0.897325956728873,0.908592573970638,0.911155155032289,0.915316036484232,0.912943967230402,0.921703653762806,0.920774135662837,0.908276208829376,0.918305872417243,0.921643781607435,0.91792447575698,0.91135391283549,0.920898014478834,0.935020987123798,0.929400034856704,0.939417392732812,0.96229643343983,0.952403756558496,0.933282122031058,0.950327025000019,0.951821541738728,0.938891642955535,0.949511692754053,0.935492134468708,0.918306212740181,0.933717113538998,0.931613184386459,0.943496228995441,0.952056889184949,0.966612153341424,0.939535177756856,0.946993899272416,0.958899061379246,0.95304560971429,0.92866489632966,0.951358728113912,0.92960291554955,0.943052154148388,0.910246900732383,0.952324398587859,0.94606938137715,0.951006141078165,0.948549789994717,0.955066065226042,0.950917255690565,0.944715025039616,0.931863862855826,0.955888412068799,0.943765958068081,0.956056548014416,0.919397538874654,0.938723249697318,0.918866123806911,1,0.896925662746674,0.876080189237568,0.935849923472505,0.930259613684336,0.904515426502485,0.91787897834741,0.885867503178676,0.913166307890237,0.882274409561315,0.87797011405479,0.944856622992583,0.93749974965631,0.926128640695119,0.869317647609118,0.927959453311205,0.944986958217985
"GSM616646",0.897849918280056,0.872577647801159,0.808757459722224,0.828901170024642,0.913055257160923,0.790089173099519,0.841753929700185,0.838623193600865,0.904300439255649,0.905346515362742,0.831908105043371,0.858067479312282,0.844209550798337,0.898167381262419,0.885782766029247,0.894960056531707,0.887803796307891,0.827020108028839,0.832874298713218,0.843384912725916,0.804405689693624,0.871804850422426,0.930626484325816,0.928225522874324,0.917634676806139,0.928943551221813,0.888641730079235,0.943855932835223,0.92713629343755,0.925478106511853,0.922078051882013,0.936121713859777,0.92996513653032,0.816100479366138,0.931179332883614,0.92573358577119,0.941178662230703,0.892646271034925,0.923016932708728,0.931498837835351,0.886137448204771,0.908900271978316,0.928111767306931,0.866700586669434,0.912297470132539,0.921574070174588,0.923642503930049,0.912679306482249,0.904044555597815,0.910660653704439,0.934515535960737,0.89187529867848,0.89977832776097,0.900694889218618,0.891763708008555,0.916794342072259,0.92339823545641,0.861970631448353,0.901064913245665,0.944936010610148,0.920598938677815,0.961738439812749,0.896925662746674,1,0.934963984809411,0.921361455825039,0.951837552068385,0.948868851799479,0.910060403707468,0.936797516637164,0.957458487138285,0.951792621343348,0.938490989939565,0.910725024803346,0.941531805107336,0.952613182266493,0.961205229585532,0.927439108382931,0.929162954089733
"GSM616647",0.885920011149492,0.868996347523652,0.811358364160088,0.825622713078914,0.897112176855624,0.786358323826249,0.854586850424503,0.833988250224038,0.86887984763804,0.8817397638908,0.814635373789539,0.834699879485171,0.839829433348539,0.889429123255232,0.862535820352854,0.884387739799658,0.88179239517035,0.830669140902627,0.827694444287054,0.849440491983446,0.80499920411545,0.853759636410225,0.880003767953116,0.881216787014386,0.877955445173908,0.895134247165201,0.865069660491886,0.897583471943111,0.898900575485917,0.902387507126404,0.894494595692477,0.929078140465252,0.896298769610766,0.805542426547241,0.915681267903471,0.877577997083467,0.901199835716662,0.866087218096405,0.890752663810541,0.88040462498554,0.854907610983161,0.879145054351871,0.885808816085771,0.852597796770508,0.901212120319733,0.8988198851405,0.90619810908242,0.934725980240446,0.867674401066926,0.88984908198958,0.918147233412005,0.871438222524272,0.874670473948134,0.916449599410809,0.86776118181945,0.921487943617577,0.882765728441679,0.852678987932435,0.865135233131458,0.925148452049409,0.890622370718222,0.937987192066932,0.876080189237568,0.934963984809411,1,0.877575002709323,0.930789364872415,0.933384084259148,0.914174019334238,0.936465258791789,0.947665176927931,0.95530038617611,0.938523468047498,0.891681096003427,0.904806721975572,0.919190912563561,0.93491061972741,0.90711130611942,0.89386430107286
"GSM616648",0.908807808442913,0.89754552614759,0.872102365733112,0.883452410745693,0.919007015709963,0.861378226740356,0.89265902270293,0.891921110909859,0.910023229804816,0.901783020833799,0.889477269704558,0.899382686586043,0.88696294370324,0.907238789898989,0.91254761748186,0.912666691664564,0.897787287370863,0.886265904334815,0.892516273445379,0.889834355937379,0.873265549421994,0.90680344938474,0.941587046999444,0.947258977772567,0.94359060024754,0.946490496640319,0.925925483734581,0.945372981011449,0.934019756210682,0.943822077414996,0.933504184478097,0.935885830877419,0.934338941489478,0.895772840893568,0.928906120305137,0.937272259188566,0.941475263430588,0.933857862552169,0.946330145786889,0.948232267768244,0.936230879798827,0.935822554595103,0.945228862355401,0.907138360845001,0.940833611890273,0.923986854071838,0.931100043834002,0.89816464045068,0.940916558276401,0.933820701362462,0.944917787086917,0.93266733781953,0.939441965554756,0.927577669128811,0.925997027269011,0.914506605176614,0.947016775765706,0.915988538582793,0.941259706040205,0.92144379000073,0.935720867996175,0.927753652212263,0.935849923472505,0.921361455825039,0.877575002709323,1,0.931838234641423,0.909093693884068,0.912906700919411,0.895122468997025,0.918692060912486,0.896664794449504,0.887910919410527,0.935294925748383,0.946434023631384,0.928148164681552,0.899297312495366,0.930070024950336,0.939764830225171
"GSM616649",0.907925928944474,0.898187641512725,0.8598452623797,0.876669220075483,0.915453492845086,0.846822889890991,0.88403164778786,0.880883386894815,0.899759840358014,0.89498097640086,0.871307646326201,0.88512017501345,0.883647996499086,0.905108102975348,0.9036510705329,0.907221796397465,0.893590114358919,0.876347616063476,0.876942764282444,0.880397005179177,0.858028321719619,0.891190960788598,0.933662545121975,0.935475606170148,0.935544976755738,0.952669144017922,0.932087171837859,0.945590244864573,0.950017255920971,0.949260444145156,0.938167341583142,0.947493334258496,0.932596049482016,0.876886376836219,0.938546214633304,0.927408122893747,0.943516240839782,0.933881542536375,0.946337543963852,0.942533085598458,0.923691494093008,0.938431093903523,0.945310972706476,0.908762273202456,0.937915356496688,0.933683699736945,0.9408649206346,0.927597192351776,0.924819237320317,0.936574865643305,0.945795198652224,0.929286505880953,0.926339297127477,0.928692767916315,0.928862505448326,0.935156231897693,0.939034068346306,0.904362700143043,0.924471401306119,0.937891588561165,0.95561423220473,0.957485511900266,0.930259613684336,0.951837552068385,0.930789364872415,0.931838234641423,1,0.943840686529474,0.925352998745152,0.927449345722753,0.949234406043604,0.931643988190707,0.925716451332705,0.936217615100612,0.93947881407934,0.956401200024349,0.933121060671325,0.940250430893563,0.940953535726589
"GSM616650",0.908480600521555,0.897006595033142,0.848789927496667,0.860755892790236,0.935301025311843,0.830344356437457,0.871255857128125,0.862064602245932,0.919113878088516,0.918293970133503,0.855708793472864,0.878680799157719,0.887326518542899,0.922486423905087,0.904440090425438,0.912215678734356,0.920232764039542,0.855049425942342,0.866512050590768,0.878026300792773,0.829523302993447,0.888959313140184,0.917233085221915,0.912420162646899,0.924239894356828,0.933551708622187,0.8957523612749,0.937536290543975,0.919169433353666,0.935401877579756,0.908358962729965,0.939362975412121,0.948651113508029,0.851725321678718,0.947930247318402,0.927096990978215,0.936080233924476,0.902871129132997,0.923029326678396,0.909882353085723,0.897541899298553,0.909431355745789,0.930287631531672,0.885991147029327,0.927924428240771,0.936176881611859,0.928589747648625,0.934640515531189,0.914008769323241,0.900106402335437,0.937794084275101,0.885627716110099,0.901675409920857,0.909346945386587,0.898534392987763,0.92974481954549,0.919695688878628,0.899046310923003,0.90456016786132,0.954754682233725,0.917090396501142,0.940231898238761,0.904515426502485,0.948868851799479,0.933384084259148,0.909093693884068,0.943840686529474,1,0.932181475209911,0.964206950891568,0.96154575203115,0.960501671492382,0.958089142905178,0.929362984030529,0.954306749965206,0.943254713218636,0.957536590769485,0.935408295449262,0.934616883819355
"GSM616651",0.879505163289876,0.881529358158617,0.8555025133402,0.860873432154271,0.91183189885685,0.840880695216468,0.886290344296531,0.863543877422688,0.890553513109411,0.880149765178947,0.851051999869306,0.866488802498622,0.878667837470816,0.896260778091586,0.884536174634491,0.895632955659553,0.8940211965107,0.862826454503534,0.86770736615999,0.886413912678699,0.846259203822686,0.871723171299604,0.897567789500601,0.901647353861646,0.910177927686411,0.923699222748392,0.916744691424776,0.915468336582305,0.936847322435443,0.929126505931801,0.933308956208588,0.951114698822548,0.931611338286027,0.86240853091297,0.934012330327001,0.915742276860006,0.919331839955205,0.911924770382788,0.92681469942964,0.925622656404117,0.915275484711213,0.924576416283663,0.928703699584926,0.893349731249825,0.920173666441511,0.913232267356503,0.947729497462867,0.916663804564515,0.909329968679422,0.91820091243529,0.945469692044651,0.926896772057021,0.919539458524977,0.939365196728673,0.88884283213005,0.922234149114238,0.926598693671834,0.909834953910223,0.917842119860335,0.933771171190494,0.918674945521157,0.925350290430304,0.91787897834741,0.910060403707468,0.914174019334238,0.912906700919411,0.925352998745152,0.932181475209911,1,0.933144606626633,0.953019618805903,0.930595746022322,0.911559465160819,0.953359619911903,0.934866328982171,0.941691698657285,0.90673769356503,0.905596327609073,0.922507530963121
"GSM616652",0.875670727752383,0.883696585041278,0.842066038451809,0.853455249986769,0.911089502476377,0.820465800271616,0.870826417879094,0.842125029099913,0.881925415897536,0.881338234267532,0.828405414420321,0.858126346314769,0.873960868198772,0.895243214625732,0.871521457607284,0.886745500111871,0.888037935988307,0.84186071617441,0.841809850391385,0.868223978554225,0.825233726895273,0.85938550202444,0.886882456745995,0.881756785920196,0.88627711356668,0.910460806159227,0.868919300848842,0.909311216806399,0.917800038181057,0.923296885566544,0.900545802131407,0.941915675325871,0.918948328251791,0.834902482563407,0.927108192437705,0.899139197549814,0.89971416333062,0.882948055311812,0.9037720352622,0.901381724522059,0.880011891896496,0.898276703980307,0.9027270857997,0.867976687781463,0.909531629348386,0.933039705176517,0.925321715225308,0.934533677887295,0.876411346011042,0.900275130712055,0.93383322295129,0.883017053647811,0.897676859474118,0.916659708792269,0.871388884396958,0.942909673850335,0.911952971004328,0.898588937297952,0.890224208620143,0.960075330010627,0.89426831500987,0.923394235653678,0.885867503178676,0.936797516637164,0.936465258791789,0.895122468997025,0.927449345722753,0.964206950891568,0.933144606626633,1,0.95027031461562,0.961297381013514,0.966935774911456,0.916236524012595,0.925466506433919,0.92076553999949,0.931973698217685,0.910695145058386,0.900288495471157
"GSM616653",0.899099497965175,0.880862205595174,0.827274380623505,0.838181369269472,0.924527966077365,0.807672547168013,0.859834668889234,0.850916035194225,0.911707548582268,0.911303710916805,0.839068720949047,0.862879542755662,0.865820680251086,0.910337467120041,0.894963502012746,0.907341611078568,0.908571786984224,0.84273485215124,0.848785445087671,0.864403272074611,0.817040542151085,0.874162887971008,0.924955423583145,0.92911673626638,0.92499075318531,0.938995602037259,0.908581131919273,0.94004707810587,0.936748258046743,0.936853712853991,0.936840443426579,0.953875373422818,0.944979118329741,0.834950869338729,0.945247113059901,0.933712286065401,0.947854384095477,0.906514009657781,0.938454183747097,0.934718340558153,0.904642822107138,0.92369353995217,0.93922501561909,0.889136577323546,0.92583083355086,0.925641325396403,0.941097300338048,0.931572930994999,0.916940447366911,0.914835030761777,0.946242015003613,0.913248045270977,0.908102361291868,0.930542725481977,0.898892960094172,0.924172537231138,0.927602947801863,0.885892789820501,0.914880720249646,0.953673742936532,0.928259778363666,0.961574721986459,0.913166307890237,0.957458487138285,0.947665176927931,0.918692060912486,0.949234406043604,0.96154575203115,0.953019618805903,0.95027031461562,1,0.963893596311277,0.945199063467095,0.941817992263576,0.954111506108379,0.966288000949016,0.953697005079966,0.927744128536359,0.940456444355479
"GSM616654",0.887313323883468,0.876526190020022,0.81363005292664,0.81910955484381,0.915478148470657,0.787225431686893,0.848639161428673,0.83046392837884,0.89185236158216,0.897659867185712,0.814570832937286,0.846056872295971,0.847413598053859,0.898599678927155,0.874151682510918,0.893912745933658,0.893470394422275,0.821630909683294,0.829107485561648,0.851811446989496,0.798655395464825,0.860506133624759,0.894704568031284,0.894401068661248,0.893085978408858,0.914235115693363,0.868312338004452,0.916847571104393,0.909957332144625,0.919715279012023,0.900374756603497,0.941403369840019,0.928501426840276,0.803743522258359,0.93818882103022,0.907586432384199,0.918670299573358,0.869690669704404,0.906398865039275,0.89760472084784,0.867796401199903,0.892772955947965,0.910142747752721,0.855680466463883,0.907649321139121,0.921214549502732,0.918646500515217,0.942926303331494,0.884732274989361,0.888247585521255,0.935553159744969,0.876835719485051,0.888822170302511,0.912452625107077,0.866764739226923,0.92402942713032,0.906301463191209,0.868363571839884,0.884780145484116,0.966489609319323,0.889619275201073,0.941391225806568,0.882274409561315,0.951792621343348,0.95530038617611,0.896664794449504,0.931643988190707,0.960501671492382,0.930595746022322,0.961297381013514,0.963893596311277,1,0.968144110898671,0.91078650686095,0.933127128746003,0.93350468616078,0.947745816849851,0.91222186316144,0.914885298146724
"GSM616655",0.889242414308125,0.88983782061644,0.831189595049608,0.839932362999338,0.916168412007772,0.805657858054693,0.860341840531889,0.840940418306194,0.890652296400227,0.900194118058886,0.821726405118115,0.859657758566072,0.866097626364672,0.904482271269753,0.881380442531049,0.900782086647781,0.89895674690287,0.834503540250839,0.836341853262448,0.863442604704859,0.815441795681074,0.866146589362646,0.884599898147048,0.882567002939168,0.887298571983131,0.912436289993362,0.865510183278141,0.904716188618745,0.894257898774364,0.912443577176969,0.882095457069388,0.933599522649834,0.919131218274959,0.814424478529145,0.931712157666911,0.889991483558129,0.903704450685034,0.862161109629429,0.896570634912364,0.884786462719365,0.867948699282605,0.882746489470685,0.899244178755222,0.85145483720316,0.901811824346467,0.918684189335068,0.913495697228236,0.936378546840307,0.88065731870471,0.886434378316625,0.917837297796055,0.869419397242802,0.88182509425106,0.899367236776749,0.868384830430842,0.93595610140291,0.896453640349955,0.868283267036513,0.879265567628931,0.962293309472655,0.875349695435999,0.919454883838142,0.87797011405479,0.938490989939565,0.938523468047498,0.887910919410527,0.925716451332705,0.958089142905178,0.911559465160819,0.966935774911456,0.945199063467095,0.968144110898671,1,0.895942758013241,0.916798887215994,0.912840715906308,0.927184606717742,0.922473001201418,0.899652205056051
"GSM616656",0.900318955262594,0.905150839568452,0.892824742629043,0.898059260545318,0.921058500847424,0.882849538386639,0.905965563402405,0.897142987625414,0.910447182551989,0.894459344534342,0.889991418634561,0.903499317906886,0.90800702590086,0.910643096268348,0.910180833492031,0.914514786507095,0.905686309741937,0.894076672149764,0.900837681843697,0.909296976782358,0.883292794859131,0.901338691913464,0.926939324055806,0.924621073162041,0.936528934291949,0.947470347696838,0.943747427704027,0.933808627376111,0.953966825982283,0.948317875301273,0.945135611753114,0.94988737769866,0.94449505894479,0.902462627900006,0.941252100661568,0.936891918755444,0.938204950387302,0.94521578617511,0.951908930009959,0.94790352897438,0.941890752711225,0.950064440992927,0.950857855628631,0.90678057536056,0.942992315236581,0.921857467068878,0.952558525109778,0.918478264667808,0.937315513248388,0.942049014730443,0.953902524844257,0.949685169002081,0.942914267782612,0.941497028590804,0.919273508789233,0.923533174439511,0.951750356307073,0.937092792354937,0.947443120361618,0.930557667778383,0.949247097436708,0.928705577830605,0.944856622992583,0.910725024803346,0.891681096003427,0.935294925748383,0.936217615100612,0.929362984030529,0.953359619911903,0.916236524012595,0.941817992263576,0.91078650686095,0.895942758013241,1,0.947204642502282,0.950847938205453,0.898072137422441,0.928953940328011,0.943886498805257
"GSM616657",0.924230216414309,0.90844525923301,0.873192172490526,0.877649416897032,0.949050412090857,0.857133921014955,0.895060137177986,0.894832966254937,0.936998112980413,0.931663328957878,0.889369827113652,0.902573701898265,0.897339735308394,0.934308002494466,0.927029331028051,0.93269912691615,0.929852446327633,0.886195139793727,0.90079122866623,0.902319575033371,0.86444148139662,0.916868998248259,0.955285898556535,0.94649452512396,0.954697343799993,0.954542044859346,0.928424205630796,0.964278579224348,0.940335311549897,0.95002740728198,0.931378504659227,0.949750523379054,0.967419289529648,0.888025822893741,0.961121635914049,0.959339247592071,0.964415982242821,0.939253863195961,0.950229769816871,0.943042688539889,0.93388743041595,0.938173800495996,0.954119509355299,0.916683144631031,0.955264807739066,0.936450734121434,0.940907196927225,0.924149123304677,0.950263380717778,0.920729833174797,0.957775612826443,0.920325761907154,0.938943310600633,0.930029917647632,0.935273277725807,0.919506783208675,0.948329030704297,0.921749310383906,0.948851238060771,0.943083089203447,0.938674277181009,0.94881024939936,0.93749974965631,0.941531805107336,0.904806721975572,0.946434023631384,0.93947881407934,0.954306749965206,0.934866328982171,0.925466506433919,0.954111506108379,0.933127128746003,0.916798887215994,0.947204642502282,1,0.952119038265456,0.936372087124598,0.937296682730632,0.962954151144633
"GSM616658",0.894170860609012,0.872771187901868,0.828527591658681,0.841564803331363,0.912589589282184,0.812436331388927,0.852251539036186,0.85484474591369,0.907766859404507,0.903372346513805,0.845950634845744,0.864981046438981,0.860937531766575,0.899506579588112,0.896658454765093,0.901062815124182,0.895838422364286,0.848955275789038,0.852294124174302,0.859610510678375,0.824593691712754,0.873742889344065,0.935393711343194,0.938659923843126,0.930733210343149,0.941794095910412,0.932866696289265,0.946250703227035,0.951841536959869,0.937194381823643,0.949066622453853,0.944611468173122,0.936796251393706,0.843110418754865,0.936325792832967,0.941860468266155,0.956804939709456,0.923128518455006,0.949986102032115,0.952865165814242,0.916723743546106,0.936161731232862,0.948133483636787,0.883843798577915,0.925001468033246,0.915081304849907,0.938924987345415,0.910247087479708,0.92558767782316,0.923543020034674,0.947242525497999,0.927074385745645,0.91449654700952,0.918546879086741,0.909193804487925,0.902754565718538,0.936244583182861,0.88629639581951,0.924312294096502,0.932100758463959,0.951092568146298,0.963158560362802,0.926128640695119,0.952613182266493,0.919190912563561,0.928148164681552,0.956401200024349,0.943254713218636,0.941691698657285,0.92076553999949,0.966288000949016,0.93350468616078,0.912840715906308,0.950847938205453,0.952119038265456,1,0.940895994763799,0.925824578910606,0.944783347025724
"GSM616659",0.898983923575936,0.859700446663001,0.788049711367487,0.810833425211355,0.915773751119542,0.769384744896164,0.831651859546787,0.827337008512924,0.907807158805716,0.908955734549752,0.822171609432167,0.839303057235718,0.831615549298916,0.900238913652605,0.877592262049101,0.88999829274085,0.893431577035379,0.812665636769604,0.823336632661357,0.833787773053025,0.780604175584556,0.864509847758574,0.910844228137077,0.911410700102786,0.91040979348981,0.90277906390025,0.868330131104884,0.935416570378103,0.900739317044174,0.900225861935424,0.90170778194757,0.913065585391404,0.925987608071546,0.805236027483194,0.93150446418789,0.918269532718429,0.931313715985632,0.88100647096356,0.89697934613625,0.901350866492934,0.869841765507126,0.88465210946811,0.904649431413052,0.860929955554869,0.906749362419419,0.904314402020992,0.902456029532524,0.901836078574038,0.891928649593772,0.875207554129938,0.917177844055551,0.862165498226937,0.87297501298657,0.878125895454764,0.877392971865103,0.891761632455124,0.895168551673955,0.845977080966834,0.875927326846918,0.920433184374855,0.912760045685964,0.951420764094193,0.869317647609118,0.961205229585532,0.93491061972741,0.899297312495366,0.933121060671325,0.957536590769485,0.90673769356503,0.931973698217685,0.953697005079966,0.947745816849851,0.927184606717742,0.898072137422441,0.936372087124598,0.940895994763799,1,0.910390724268274,0.916414651285151
"GSM616660",0.957526485873625,0.94756930774811,0.910950314347088,0.919913693398981,0.949976298743377,0.898364625419451,0.91446741977308,0.926719946007254,0.952412664360421,0.948113077808481,0.924666392093451,0.942441332208582,0.934823783138795,0.948950807469955,0.951603903544806,0.954460319593122,0.947260790099117,0.915509538842325,0.922771592888911,0.926239652191136,0.899644737040538,0.944346506490874,0.936874985440972,0.934945347097456,0.95769875454768,0.958979478986275,0.932349407061243,0.947242922624912,0.920564210603103,0.939043820098566,0.913073671829839,0.929854252563882,0.945321993433156,0.898371263511596,0.949589957476287,0.927143508196702,0.94503396037309,0.925800230023758,0.936423954328986,0.921676407468222,0.929038256810262,0.92023393210168,0.945076241932656,0.897775526169805,0.938461847128499,0.919204010457399,0.919351116252092,0.929233306239937,0.941830444920254,0.926674910224529,0.932409456371257,0.909861152985435,0.91583329766576,0.914234364794316,0.929760580454117,0.938167599815844,0.929356596554889,0.898683381194017,0.924937730280443,0.92896362217017,0.928611535705142,0.926646903958975,0.927959453311205,0.927439108382931,0.90711130611942,0.930070024950336,0.940250430893563,0.935408295449262,0.905596327609073,0.910695145058386,0.927744128536359,0.91222186316144,0.922473001201418,0.928953940328011,0.937296682730632,0.925824578910606,0.910390724268274,1,0.945353372186285
"GSM616661",0.933644851070598,0.913405501262561,0.878924796372222,0.882679086435837,0.941017719108971,0.866175736107913,0.891764788440805,0.905358383139459,0.937877683554775,0.930875767480568,0.900984605103957,0.912507495187901,0.906465330297184,0.931706422986207,0.935536522749833,0.936105428982883,0.931485549385997,0.8948451156825,0.908355756978149,0.901732086448852,0.873877228625927,0.923989450203296,0.963155443817653,0.954517731183931,0.964793499822118,0.965281087894058,0.944757704490572,0.967032946641593,0.937420859823579,0.951548414064368,0.928184618149269,0.935659174363537,0.963122053354479,0.900512440063545,0.950838698092682,0.962946966497741,0.970858511296299,0.950546212459783,0.95618814031472,0.942456152945216,0.94741899014705,0.942225546878904,0.962778935738846,0.923904723856176,0.952759955517508,0.926468802849824,0.932097838555075,0.920110130734115,0.96845508482379,0.925105548111605,0.950197730960507,0.927187405856584,0.934896744007279,0.92063385679026,0.942774644893379,0.911258607118494,0.954030118716493,0.910854708495125,0.953011626067293,0.93114638052228,0.944770892391644,0.946437498310934,0.944986958217985,0.929162954089733,0.89386430107286,0.939764830225171,0.940953535726589,0.934616883819355,0.922507530963121,0.900288495471157,0.940456444355479,0.914885298146724,0.899652205056051,0.943886498805257,0.962954151144633,0.944783347025724,0.916414651285151,0.945353372186285,1
